Source	Target	interactionType	pval	qval	cooc_method
MAG-215	MAG-221	copresence	6.056875498927639e-7	5.62488437864751e-6	dist_bray|dist_kullbackleibler
MAG-70	MAG-1	copresence	0.004633332861614825	0.031104543915244528	correl_spearman
MAG-107	MAG-144	copresence	2.3235332513582563e-7	2.2171118810670386e-6	dist_kullbackleibler|dist_bray|correl_pearson
MAG-147	MAG-87	copresence	4.907185768843192e-13	6.429750745339612e-12	dist_bray|dist_kullbackleibler|correl_spearman|correl_pearson
MAG-268	MAG-326	copresence	0	0	dist_kullbackleibler|dist_bray|correl_pearson
MAG-31	MAG-109	copresence	2.6207036540881745e-11	3.143838356631687e-10	dist_kullbackleibler
MAG-215	MAG-219	copresence	2.8889074384919056e-6	2.5720329758653005e-5	dist_bray|dist_kullbackleibler
MAG-229	MAG-184	copresence	3.4638958368304884e-14	4.810966440042345e-13	dist_kullbackleibler|correl_pearson
MAG-31	MAG-108	copresence	2.2119925890962122e-8	2.1944370923573535e-7	dist_bray|dist_kullbackleibler|correl_spearman
MAG-215	MAG-218	copresence	0	0	dist_bray|dist_kullbackleibler|correl_spearman|correl_pearson
MAG-215	MAG-217	copresence	7.935874180020619e-13	1.0205599511343388e-11	correl_spearman|dist_bray|dist_kullbackleibler
MAG-31	MAG-106	copresence	1.1102230246251565e-16	1.6760613294461905e-15	correl_spearman|dist_kullbackleibler|dist_bray
MAG-147	MAG-81	copresence	2.1304737432492615e-4	0.0016499951543132447	correl_pearson|correl_spearman
MAG-215	MAG-216	copresence	5.844214001626824e-13	7.593833162197016e-12	dist_bray|correl_pearson|dist_kullbackleibler|correl_spearman
MAG-192	MAG-133	copresence	0	0	dist_kullbackleibler|correl_pearson|dist_bray
MAG-22	MAG-203	copresence	0	0	dist_kullbackleibler|dist_bray|correl_pearson|correl_spearman
MAG-22	MAG-202	copresence	2.840283563898538e-12	3.5503544548731725e-11	dist_kullbackleibler|correl_spearman
MAG-203	MAG-287	copresence	0	0	correl_pearson|dist_kullbackleibler|dist_bray|correl_spearman
MAG-22	MAG-200	copresence	0	0	correl_pearson|dist_bray|dist_kullbackleibler|correl_spearman
MAG-213	MAG-1	copresence	9.86690868726381e-4	0.0071457913436151575	correl_spearman|correl_pearson
MAG-203	MAG-284	copresence	0	0	correl_spearman|dist_kullbackleibler
MAG-215	MAG-210	copresence	1.05512265591301e-10	1.2189494638551409e-9	dist_kullbackleibler|dist_bray
MAG-288	MAG-239	copresence	8.568067924175082e-5	6.874252185634694e-4	dist_kullbackleibler|correl_spearman|dist_bray
MAG-87	MAG-160	copresence	8.171682219781928e-9	8.331649897820073e-8	correl_spearman|dist_kullbackleibler
MAG-70	MAG-166	copresence	0	0	correl_pearson|dist_kullbackleibler|dist_bray
MAG-324	MAG-199	copresence	0	0	correl_spearman|dist_bray|correl_pearson|dist_kullbackleibler
MAG-357	MAG-318	copresence	0	0	correl_pearson|dist_bray|dist_kullbackleibler
MAG-324	MAG-197	copresence	0	0	correl_pearson|correl_spearman|dist_bray|dist_kullbackleibler
MAG-326	MAG-239	copresence	3.1896707497480747e-13	4.214681223240056e-12	dist_bray|correl_spearman|dist_kullbackleibler
MAG-141	MAG-132	copresence	6.215133568576725e-6	5.410109304123194e-5	correl_pearson|dist_kullbackleibler|dist_bray
MAG-324	MAG-196	copresence	0	0	correl_pearson|dist_kullbackleibler|dist_bray|correl_spearman
MAG-233	MAG-31	copresence	0	0	dist_bray|correl_pearson|dist_kullbackleibler
MAG-272	MAG-221	copresence	9.841138864624677e-4	0.007135396508573576	dist_kullbackleibler|dist_bray
MAG-235	MAG-198	copresence	0	0	correl_pearson|correl_spearman|dist_bray|dist_kullbackleibler
MAG-235	MAG-196	copresence	4.960476474025199e-13	6.4859786532756266e-12	dist_kullbackleibler|dist_bray
MAG-59	MAG-107	copresence	0.0029750653915036063	0.020410712071237694	correl_spearman|correl_pearson
MAG-146	MAG-198	copresence	0.00396142471606542	0.026766383216658245	dist_kullbackleibler
MAG-356	MAG-392	mutualExclusion	0.0024302658933358368	0.01689561939193435	dist_bray|dist_kullbackleibler|correl_pearson
MAG-218	MAG-154	copresence	0	0	correl_pearson|dist_bray|correl_spearman|dist_kullbackleibler
MAG-197	MAG-111	copresence	3.255351553876906e-7	3.0687703185114125e-6	correl_spearman|dist_bray|dist_kullbackleibler
MAG-70	MAG-154	copresence	7.193821508865161e-4	0.005308309850107115	correl_spearman
MAG-233	MAG-23	copresence	0	0	dist_bray|dist_kullbackleibler|correl_spearman|correl_pearson
MAG-196	MAG-199	copresence	0	0	correl_pearson|correl_spearman|dist_bray|dist_kullbackleibler
MAG-196	MAG-197	copresence	0	0	dist_bray|dist_kullbackleibler|correl_spearman|correl_pearson
MAG-403	MAG-7	copresence	0	0	dist_kullbackleibler|correl_spearman|correl_pearson|dist_bray
MAG-152	MAG-132	copresence	1.7219210441954402e-5	1.4504051922131404e-4	dist_kullbackleibler|dist_bray
MAG-112	MAG-152	copresence	2.162997779261433e-4	0.0016710427837310206	dist_bray|dist_kullbackleibler
MAG-53	MAG-111	copresence	1.0895206840866312e-4	8.663491444709218e-4	dist_kullbackleibler
MAG-112	MAG-151	copresence	2.07945537900045e-7	1.9933429629988977e-6	correl_pearson|dist_bray|dist_kullbackleibler
MAG-403	MAG-52	copresence	0	0	dist_bray|dist_kullbackleibler
MAG-321	MAG-228	copresence	1.2688604611454934e-9	1.3579414181779681e-8	correl_pearson|dist_kullbackleibler|dist_bray
MAG-403	MAG-51	copresence	0	0	correl_pearson|dist_kullbackleibler|dist_bray
MAG-403	MAG-50	copresence	0	0	dist_kullbackleibler|dist_bray|correl_pearson
MAG-151	MAG-51	copresence	0.007133838848590757	0.046638590798841244	dist_bray|correl_pearson
MAG-151	MAG-50	copresence	7.771561172376096e-16	1.1401938339753661e-14	dist_kullbackleibler|dist_bray|correl_pearson
MAG-87	MAG-143	copresence	1.1351082767063758e-6	1.0341729926260713e-5	dist_bray|dist_kullbackleibler
MAG-233	MAG-18	copresence	0	0	correl_pearson|dist_kullbackleibler|dist_bray|correl_spearman
MAG-392	MAG-130	copresence	0	0	correl_pearson|dist_bray|dist_kullbackleibler
MAG-218	MAG-143	copresence	0	0	correl_pearson|dist_bray|dist_kullbackleibler|correl_spearman
MAG-403	MAG-282	copresence	0	0	dist_kullbackleibler
MAG-321	MAG-87	copresence	0	0	dist_bray|correl_pearson|dist_kullbackleibler|correl_spearman
MAG-280	MAG-81	copresence	0	0	dist_bray|correl_spearman|dist_kullbackleibler|correl_pearson
MAG-18	MAG-199	copresence	0	0	dist_bray|correl_pearson|dist_kullbackleibler
MAG-157	MAG-195	copresence	0.0012072996156545779	0.008693113591982847	dist_kullbackleibler|dist_bray|correl_pearson
MAG-53	MAG-108	copresence	7.696399073608973e-12	9.413403955001189e-11	correl_spearman|dist_kullbackleibler|dist_bray
MAG-390	MAG-374	copresence	0	0	dist_kullbackleibler|dist_bray|correl_pearson
MAG-390	MAG-373	copresence	0	0	correl_pearson|dist_kullbackleibler|dist_bray
MAG-321	MAG-219	copresence	0	0	dist_bray|correl_spearman|correl_pearson|dist_kullbackleibler
MAG-112	MAG-141	copresence	0.004442317433419052	0.029886419761968864	dist_kullbackleibler|dist_bray
MAG-321	MAG-218	copresence	5.719910442336662e-5	4.667028755170253e-4	dist_kullbackleibler|dist_bray
MAG-321	MAG-217	copresence	1.7714718580918998e-12	2.2367068915301766e-11	correl_pearson|correl_spearman|dist_kullbackleibler|dist_bray
MAG-321	MAG-213	copresence	6.751139612759527e-4	0.004993446459141662	dist_kullbackleibler
MAG-182	MAG-286	copresence	0	0	dist_kullbackleibler|correl_spearman|dist_bray|correl_pearson
MAG-224	MAG-152	copresence	2.0395090061242627e-8	2.0330033952594326e-7	dist_bray|correl_spearman|correl_pearson
MAG-107	MAG-109	copresence	8.234366011272698e-8	8.003854987628983e-7	correl_spearman|dist_kullbackleibler|dist_bray
MAG-30	MAG-96	copresence	0	0	dist_bray|correl_spearman|dist_kullbackleibler|correl_pearson
MAG-157	MAG-188	copresence	2.0493123420450843e-8	2.0395226334047416e-7	dist_bray|correl_pearson|dist_kullbackleibler|correl_spearman
MAG-107	MAG-108	copresence	1.0424256960772649e-4	8.299567643927268e-4	dist_kullbackleibler
MAG-280	MAG-70	copresence	0	0	correl_pearson|dist_bray|correl_spearman|dist_kullbackleibler
MAG-345	MAG-352	copresence	7.327471962526033e-15	1.0479793996747758e-13	dist_bray|correl_pearson|dist_kullbackleibler
MAG-157	MAG-181	mutualExclusion	0.002472302190443254	0.017168765211411488	correl_pearson|correl_spearman
MAG-157	MAG-180	copresence	3.177397154972006e-4	0.002421796612021346	correl_pearson|correl_spearman
MAG-138	MAG-392	copresence	0	0	dist_kullbackleibler
MAG-147	MAG-43	copresence	1.9539658779876845e-10	2.1925110839179585e-9	dist_kullbackleibler|correl_pearson
MAG-180	MAG-166	copresence	0	0	dist_bray|dist_kullbackleibler|correl_pearson
MAG-143	MAG-210	copresence	7.2345684998254e-10	7.80933559998424e-9	dist_kullbackleibler|correl_spearman|dist_bray
MAG-112	MAG-132	copresence	0	0	dist_kullbackleibler|correl_spearman|dist_bray|correl_pearson
MAG-321	MAG-208	copresence	0.0074772142870564995	0.048679780514690754	dist_kullbackleibler
MAG-52	MAG-30	copresence	1.1186496173820615e-11	1.3575844871141523e-10	correl_pearson|dist_bray|dist_kullbackleibler
MAG-378	MAG-392	copresence	0	0	dist_kullbackleibler|correl_pearson|dist_bray
MAG-109	MAG-73	copresence	4.873228615676073e-5	4.002323107486919e-4	correl_pearson|dist_bray|dist_kullbackleibler
MAG-136	MAG-275	copresence	1.5794443051220242e-6	1.422410217148797e-5	dist_kullbackleibler|dist_bray
MAG-146	MAG-160	copresence	6.935017005105237e-10	7.498937072994417e-9	correl_spearman|dist_bray|dist_kullbackleibler
MAG-151	MAG-198	copresence	2.058098484769566e-4	0.0015979025502869302	dist_bray|dist_kullbackleibler
MAG-151	MAG-196	copresence	2.078515137782233e-11	2.5030288268090473e-10	dist_kullbackleibler|correl_spearman
MAG-345	MAG-349	copresence	1.5654144647214707e-14	2.2035676586732414e-13	dist_kullbackleibler|correl_pearson|dist_bray
MAG-345	MAG-342	copresence	0	0	dist_kullbackleibler|correl_pearson|dist_bray
MAG-66	MAG-218	copresence	5.157071887862408e-6	4.520574936765785e-5	dist_bray|correl_pearson|dist_kullbackleibler
MAG-66	MAG-217	copresence	1.0037874479129627e-4	8.002132078387777e-4	dist_kullbackleibler|dist_bray
MAG-66	MAG-216	copresence	3.19600218179783e-4	0.0024330101871177148	dist_kullbackleibler|dist_bray|correl_spearman
MAG-138	MAG-383	copresence	0	0	correl_pearson|dist_bray|dist_kullbackleibler
MAG-66	MAG-213	copresence	5.072118673246084e-4	0.003778395912728013	dist_bray|correl_pearson|dist_kullbackleibler
MAG-203	MAG-239	copresence	2.220446049250313e-16	3.3200449300991524e-15	correl_spearman|dist_kullbackleibler|dist_bray
MAG-235	MAG-152	copresence	0	0	correl_spearman|dist_bray|dist_kullbackleibler|correl_pearson
MAG-235	MAG-151	copresence	2.3242252567001742e-10	2.6032988986337077e-9	dist_kullbackleibler
MAG-343	MAG-229	copresence	1.9595068567745955e-8	1.9563766541279907e-7	dist_bray|correl_pearson|dist_kullbackleibler
MAG-280	MAG-166	copresence	0	0	dist_kullbackleibler|correl_pearson|dist_bray
MAG-378	MAG-383	copresence	0	0	dist_kullbackleibler|dist_bray|correl_pearson
MAG-114	MAG-239	copresence	0	0	dist_bray|dist_kullbackleibler|correl_pearson
MAG-159	MAG-280	copresence	0	0	dist_kullbackleibler|dist_bray|correl_pearson
MAG-198	MAG-275	copresence	0	0	dist_kullbackleibler|correl_pearson|correl_spearman|dist_bray
MAG-268	MAG-197	copresence	1.349176326215229e-11	1.6341767517141824e-10	dist_kullbackleibler|dist_bray
MAG-145	MAG-311	copresence	0	0	dist_bray|correl_pearson|dist_kullbackleibler
MAG-282	MAG-275	copresence	1.1925876490348486e-5	1.0210510693791512e-4	correl_spearman|correl_pearson
MAG-108	MAG-287	copresence	2.886579864025407e-15	4.166541374170622e-14	dist_bray|correl_spearman|dist_kullbackleibler
MAG-79	MAG-330	mutualExclusion	6.987771367650275e-5	5.671892343871976e-4	dist_kullbackleibler
MAG-112	MAG-116	copresence	1.1102230246251565e-16	1.6760613294461905e-15	correl_pearson|dist_bray|dist_kullbackleibler|correl_spearman
MAG-112	MAG-115	copresence	1.0342539195073996e-6	9.464256218039894e-6	dist_kullbackleibler
MAG-196	MAG-152	copresence	2.0752574880766872e-8	2.062060302142972e-7	dist_bray|dist_kullbackleibler
MAG-112	MAG-114	copresence	9.892602181871268e-9	1.0004654310144892e-7	dist_kullbackleibler|dist_bray
MAG-390	MAG-340	copresence	0	0	correl_pearson|dist_bray|dist_kullbackleibler
MAG-235	MAG-141	copresence	0	0	correl_spearman|dist_kullbackleibler
MAG-180	MAG-143	copresence	4.738245676183528e-5	3.901717454037819e-4	correl_spearman|correl_pearson
MAG-31	MAG-403	copresence	2.879583915016415e-5	2.4028570719429363e-4	correl_spearman|dist_bray|correl_pearson
MAG-403	MAG-13	copresence	0	0	dist_kullbackleibler|correl_pearson|correl_spearman|dist_bray
MAG-112	MAG-111	copresence	0.002283866061271511	0.01602038482934562	dist_kullbackleibler|dist_bray
MAG-357	MAG-183	mutualExclusion	0.0023618905166928883	0.016456873722776533	correl_spearman|dist_kullbackleibler
MAG-146	MAG-147	copresence	2.786659791809143e-14	3.9138480222038525e-13	dist_kullbackleibler|correl_spearman|dist_bray
MAG-195	MAG-384	copresence	3.229300688523118e-5	2.687500573005258e-4	correl_pearson|dist_kullbackleibler|dist_bray
MAG-146	MAG-141	copresence	1.4093272674653434e-5	1.1951554167786155e-4	dist_kullbackleibler|dist_bray
MAG-168	MAG-170	copresence	7.94587984259687e-5	6.407967614997476e-4	dist_kullbackleibler|correl_spearman
MAG-324	MAG-138	mutualExclusion	0.005750899352834571	0.03799484244737428	correl_pearson|dist_kullbackleibler|dist_bray
MAG-157	MAG-158	copresence	5.178083517520804e-10	5.667779682049917e-9	correl_spearman|correl_pearson|dist_kullbackleibler|dist_bray
MAG-178	MAG-347	copresence	1.886268918838141e-12	2.376850956197254e-11	dist_bray|correl_pearson|dist_kullbackleibler
MAG-321	MAG-43	copresence	3.069623679996525e-5	2.558019733330437e-4	correl_pearson|dist_bray|dist_kullbackleibler
MAG-373	MAG-374	copresence	0	0	correl_pearson|dist_bray|dist_kullbackleibler
MAG-181	MAG-1	mutualExclusion	0.00593992736036375	0.03920226610588536	correl_spearman|correl_pearson
MAG-157	MAG-154	copresence	0	0	dist_kullbackleibler|correl_pearson|dist_bray|correl_spearman
MAG-217	MAG-188	copresence	7.0943316776705956e-9	7.268782456629709e-8	correl_pearson|dist_bray|correl_spearman|dist_kullbackleibler
MAG-112	MAG-109	copresence	7.661123845441598e-4	0.005626559815982372	dist_kullbackleibler
MAG-112	MAG-108	copresence	0	0	correl_pearson|dist_bray|correl_spearman|dist_kullbackleibler
MAG-40	MAG-1	copresence	0	0	dist_kullbackleibler|dist_bray|correl_pearson
MAG-280	MAG-1	copresence	0	0	correl_spearman|dist_kullbackleibler
MAG-112	MAG-106	copresence	1.1525350378516208e-6	1.0485216865462344e-5	dist_kullbackleibler|dist_bray
MAG-217	MAG-181	mutualExclusion	0.002619039686016178	0.01812735109368894	correl_spearman|correl_pearson
MAG-262	MAG-198	copresence	1.545288341731066e-10	1.7464832072005718e-9	correl_pearson|correl_spearman|dist_bray|dist_kullbackleibler
MAG-217	MAG-180	copresence	0.0050805635428268214	0.033744739321439766	correl_pearson|correl_spearman
MAG-180	MAG-130	copresence	7.045427573930674e-4	0.005204955358991337	correl_spearman
MAG-288	MAG-73	copresence	1.4549809135289138e-9	1.5465358349584544e-8	correl_spearman|correl_pearson|dist_kullbackleibler|dist_bray
MAG-280	MAG-143	copresence	1.6078174991718264e-4	0.0012608355545575803	correl_pearson|correl_spearman
MAG-59	MAG-403	copresence	0	0	dist_kullbackleibler|correl_spearman|correl_pearson|dist_bray
MAG-106	MAG-152	copresence	1.7917127781430509e-9	1.8980008243040793e-8	correl_pearson|dist_kullbackleibler|dist_bray
MAG-106	MAG-151	copresence	1.452236109145133e-10	1.6562911828753799e-9	dist_bray|dist_kullbackleibler|correl_spearman
MAG-102	MAG-286	mutualExclusion	1.662597822418288e-4	0.0013021599486358773	correl_pearson|dist_bray|dist_kullbackleibler|correl_spearman
MAG-214	MAG-228	copresence	3.625528090223096e-5	3.0052454328772344e-4	dist_kullbackleibler|dist_bray
MAG-12	MAG-311	copresence	0	0	correl_spearman|correl_pearson|dist_kullbackleibler|dist_bray
MAG-102	MAG-280	copresence	1.5648644047239202e-8	1.5698880464726325e-7	dist_bray|correl_pearson|correl_spearman
MAG-212	MAG-180	copresence	0	0	correl_pearson|dist_bray|dist_kullbackleibler
MAG-157	MAG-147	copresence	5.551115123125783e-16	8.182657905550977e-15	dist_kullbackleibler|correl_pearson|correl_spearman|dist_bray
MAG-367	MAG-341	copresence	0	0	correl_pearson|dist_bray|dist_kullbackleibler
MAG-157	MAG-143	copresence	0	0	dist_kullbackleibler|correl_pearson|correl_spearman|dist_bray
MAG-116	MAG-326	copresence	0	0	dist_kullbackleibler|correl_pearson|dist_bray|correl_spearman
MAG-30	MAG-50	copresence	0	0	dist_kullbackleibler|correl_spearman
MAG-18	MAG-141	copresence	4.23362611634559e-9	4.380821726350983e-8	correl_pearson|dist_bray|correl_spearman
MAG-23	MAG-324	copresence	0	0	dist_bray|correl_pearson|dist_kullbackleibler|correl_spearman
MAG-123	MAG-182	mutualExclusion	6.511854413843166e-4	0.004822167071862534	correl_pearson|correl_spearman
MAG-356	MAG-324	copresence	0	0	dist_kullbackleibler|dist_bray
MAG-136	MAG-239	copresence	8.026696369567432e-6	6.957954550595901e-5	dist_kullbackleibler
MAG-228	MAG-188	copresence	1.5432100042289676e-14	2.177215017253058e-13	correl_spearman|dist_kullbackleibler|correl_pearson|dist_bray
MAG-374	MAG-121	copresence	0	0	correl_pearson|dist_bray|dist_kullbackleibler
MAG-114	MAG-203	copresence	5.575540029667536e-12	6.859670312090965e-11	dist_kullbackleibler|dist_bray
MAG-214	MAG-218	copresence	0	0	dist_bray|correl_spearman|correl_pearson|dist_kullbackleibler
MAG-114	MAG-202	copresence	6.661338147750939e-16	9.79608551139844e-15	dist_kullbackleibler|correl_spearman|dist_bray
MAG-214	MAG-217	copresence	0	0	dist_kullbackleibler|correl_pearson|dist_bray|correl_spearman
MAG-206	MAG-152	copresence	5.440866465145078e-7	5.0603296736840384e-6	dist_kullbackleibler
MAG-185	MAG-111	copresence	1.0473131415111858e-5	9.016125529538445e-5	dist_bray|dist_kullbackleibler
MAG-214	MAG-215	copresence	2.3806255911029695e-7	2.268126515913652e-6	dist_kullbackleibler|correl_spearman
MAG-151	MAG-152	copresence	0	0	correl_pearson|dist_kullbackleibler|dist_bray
MAG-157	MAG-138	copresence	1.3324096554856446e-4	0.0010527889186833475	correl_spearman|correl_pearson
MAG-214	MAG-210	copresence	2.80908963312676e-7	2.6571262189178614e-6	correl_spearman|dist_bray|dist_kullbackleibler
MAG-239	MAG-197	copresence	2.2259971643734389e-13	2.9727526233619644e-12	dist_bray|correl_spearman|dist_kullbackleibler
MAG-212	MAG-3	copresence	0.0032438332659453506	0.02208492147293948	correl_pearson|correl_spearman|dist_bray
MAG-239	MAG-196	copresence	0	0	dist_bray|correl_spearman|dist_kullbackleibler
MAG-139	MAG-181	mutualExclusion	0.0032129608488277173	0.02192203998464362	correl_spearman|correl_pearson
MAG-311	MAG-7	copresence	0	0	dist_bray|correl_pearson|correl_spearman|dist_kullbackleibler
MAG-317	MAG-29	copresence	0	0	dist_kullbackleibler|dist_bray|correl_pearson
MAG-43	MAG-228	copresence	1.4219374494306436e-4	0.0011192832567936426	dist_bray|correl_pearson|dist_kullbackleibler
MAG-219	MAG-275	copresence	1.2079766742112419e-5	1.0314008488825495e-4	dist_kullbackleibler
MAG-106	MAG-132	copresence	7.474233054738377e-5	6.043202663921715e-4	dist_kullbackleibler|dist_bray
MAG-146	MAG-110	copresence	1.1002891041722584e-5	9.45915667273262e-5	dist_bray|dist_kullbackleibler
MAG-136	MAG-224	copresence	0.002860298877102929	0.019688180596798797	correl_pearson|dist_bray
MAG-219	MAG-272	copresence	1.2321255127289987e-12	1.5683878726183792e-11	dist_bray|dist_kullbackleibler
MAG-212	MAG-166	copresence	0	0	dist_kullbackleibler
MAG-206	MAG-144	copresence	7.112454852076233e-5	5.758140262367416e-4	dist_kullbackleibler|dist_bray|correl_pearson
MAG-214	MAG-208	copresence	0.0025133406174432382	0.01743438275140981	dist_kullbackleibler|dist_bray
MAG-151	MAG-144	copresence	9.385536989253707e-4	0.006820884439864613	dist_kullbackleibler
MAG-139	MAG-1	copresence	0	0	dist_kullbackleibler|correl_pearson|correl_spearman|dist_bray
MAG-151	MAG-141	copresence	1.3750410254864676e-8	1.3816730561560165e-7	dist_bray|correl_pearson|dist_kullbackleibler
MAG-235	MAG-109	copresence	0	0	dist_kullbackleibler|correl_pearson
MAG-179	MAG-152	copresence	2.692179812413542e-12	3.371968702922773e-11	dist_kullbackleibler
MAG-373	MAG-340	copresence	0	0	dist_kullbackleibler|dist_bray|correl_pearson
MAG-179	MAG-151	copresence	0	0	dist_kullbackleibler|dist_bray|correl_pearson
MAG-184	MAG-185	copresence	0	0	correl_pearson|dist_kullbackleibler|correl_spearman|dist_bray
MAG-217	MAG-154	copresence	2.5697051264650383e-8	2.5412432025959633e-7	dist_kullbackleibler|correl_spearman|dist_bray
MAG-235	MAG-52	copresence	0	0	correl_spearman|dist_kullbackleibler|dist_bray|correl_pearson
MAG-235	MAG-51	copresence	0	0	correl_pearson|dist_bray|dist_kullbackleibler
MAG-311	MAG-96	copresence	0	0	dist_bray|correl_spearman|correl_pearson|dist_kullbackleibler
MAG-159	MAG-81	copresence	0	0	correl_pearson|dist_kullbackleibler|dist_bray
MAG-213	MAG-280	copresence	7.303768312952874e-4	0.005383083957070219	correl_pearson|correl_spearman
MAG-43	MAG-218	copresence	0.0018041035611046086	0.012836524858876501	dist_kullbackleibler
MAG-212	MAG-159	copresence	0	0	dist_kullbackleibler|correl_pearson
MAG-43	MAG-217	copresence	6.204251527153204e-5	5.05561565120046e-4	dist_kullbackleibler
MAG-212	MAG-157	copresence	2.0698861036172467e-5	1.734153907186031e-4	correl_pearson|correl_spearman
MAG-219	MAG-262	copresence	0.007037460041785848	0.04605667566613775	dist_bray|dist_kullbackleibler
MAG-198	MAG-221	copresence	2.2083106240977646e-4	0.0017018423428620257	dist_kullbackleibler|correl_pearson|dist_bray
MAG-31	MAG-284	copresence	0	0	dist_kullbackleibler|correl_spearman|dist_bray|correl_pearson
MAG-179	MAG-149	copresence	5.0959236830294685e-14	6.999895168996523e-13	dist_kullbackleibler|dist_bray|correl_spearman|correl_pearson
MAG-151	MAG-132	copresence	3.5732455072601255e-7	3.3583134466730502e-6	dist_kullbackleibler|dist_bray|correl_pearson
MAG-124	MAG-280	copresence	0	0	dist_bray|dist_kullbackleibler|correl_pearson|correl_spearman
MAG-68	MAG-197	copresence	4.440892098500626e-16	6.5771506198172784e-15	dist_bray|correl_spearman|dist_kullbackleibler|correl_pearson
MAG-141	MAG-52	copresence	0	0	correl_pearson|correl_spearman|dist_kullbackleibler
MAG-179	MAG-144	copresence	7.56065099416503e-10	8.133230415409887e-9	dist_bray|dist_kullbackleibler|correl_spearman
MAG-217	MAG-143	copresence	0	0	dist_bray|correl_pearson|correl_spearman|dist_kullbackleibler
MAG-190	MAG-194	copresence	1.1102230246251565e-16	1.6760613294461905e-15	dist_kullbackleibler|correl_pearson|dist_bray|correl_spearman
MAG-379	MAG-160	copresence	6.882952825471023e-7	6.363676798697321e-6	dist_kullbackleibler|dist_bray
MAG-159	MAG-70	copresence	0	0	dist_bray|dist_kullbackleibler|correl_pearson
MAG-136	MAG-206	copresence	5.219158438762861e-12	6.433873815042975e-11	dist_kullbackleibler|dist_bray|correl_pearson
MAG-156	MAG-73	copresence	7.468540934790768e-4	0.0054980425020544526	dist_kullbackleibler
MAG-268	MAG-132	copresence	0	0	dist_kullbackleibler|correl_pearson|correl_spearman|dist_bray
MAG-145	MAG-179	copresence	0	0	dist_kullbackleibler|correl_spearman|dist_bray|correl_pearson
MAG-179	MAG-136	copresence	3.7192471324942744e-14	5.154167312214903e-13	correl_pearson|correl_spearman|dist_bray|dist_kullbackleibler
MAG-160	MAG-381	copresence	2.655887090252662e-7	2.518861049177411e-6	correl_pearson|dist_kullbackleibler
MAG-123	MAG-147	copresence	3.488877776510746e-4	0.002646296857183515	dist_bray|correl_pearson|dist_kullbackleibler
MAG-139	MAG-154	copresence	0	0	correl_spearman|dist_bray|dist_kullbackleibler|correl_pearson
MAG-123	MAG-143	copresence	1.878756439682716e-4	0.0014622948627667466	dist_bray|dist_kullbackleibler|correl_pearson
MAG-190	MAG-188	mutualExclusion	0.004935871453834673	0.03290706617089581	correl_pearson|correl_spearman
MAG-235	MAG-31	copresence	0	0	dist_bray|dist_kullbackleibler|correl_pearson
MAG-190	MAG-183	copresence	3.027675887778969e-10	3.3730791976147158e-9	dist_kullbackleibler|correl_pearson
MAG-235	MAG-30	copresence	1.1110001807423942e-012	1.417092067273462e-11	correl_pearson|dist_bray|dist_kullbackleibler
MAG-106	MAG-109	copresence	0	0	dist_kullbackleibler|dist_bray|correl_spearman|correl_pearson
MAG-190	MAG-181	copresence	2.4982249069438467e-7	2.3765457638354706e-6	dist_bray|dist_kullbackleibler|correl_pearson
MAG-106	MAG-108	copresence	0	0	dist_kullbackleibler
MAG-106	MAG-107	copresence	2.574607194105738e-13	3.416410820204005e-12	dist_bray|dist_kullbackleibler|correl_spearman|correl_pearson
MAG-168	MAG-115	copresence	0.0016921620787332392	0.01207307419187528	dist_kullbackleibler
MAG-56	MAG-324	copresence	0	0	dist_bray|correl_pearson|correl_spearman|dist_kullbackleibler
MAG-147	MAG-280	copresence	0.002323821655519809	0.01628238267600763	correl_pearson|correl_spearman
MAG-212	MAG-138	copresence	0	0	dist_bray|dist_kullbackleibler|correl_pearson
MAG-340	MAG-121	copresence	0	0	correl_pearson|dist_bray|correl_spearman|dist_kullbackleibler
MAG-130	MAG-286	mutualExclusion	2.12813761462205e-4	0.0016499951543132447	correl_pearson|dist_bray|dist_kullbackleibler|correl_spearman
MAG-228	MAG-143	copresence	4.3725090215218643e-10	4.79441778675643e-9	dist_kullbackleibler|correl_pearson|dist_bray
MAG-286	MAG-287	copresence	1.6865964180823312e-10	1.902748666609128e-9	dist_kullbackleibler
MAG-340	MAG-120	copresence	0	0	correl_pearson|dist_bray|dist_kullbackleibler
MAG-233	MAG-324	copresence	0	0	dist_kullbackleibler|dist_bray|correl_pearson|correl_spearman
MAG-151	MAG-111	copresence	1.3212531069228817e-10	1.5124234282542144e-9	correl_spearman|dist_kullbackleibler|dist_bray|correl_pearson
MAG-349	MAG-342	copresence	0	0	dist_kullbackleibler|correl_pearson|dist_bray|correl_spearman
MAG-28	MAG-197	copresence	0	0	correl_spearman|dist_kullbackleibler
MAG-197	MAG-287	copresence	0	0	correl_spearman|dist_bray|dist_kullbackleibler|correl_pearson
MAG-104	MAG-347	copresence	8.591284372805319e-8	8.337814802800193e-7	correl_pearson|dist_kullbackleibler
MAG-282	MAG-96	copresence	0	0	dist_kullbackleibler|correl_spearman|dist_bray|correl_pearson
MAG-239	MAG-152	copresence	1.6338155273132315e-9	1.7336752199843288e-8	dist_bray|dist_kullbackleibler|correl_pearson
MAG-150	MAG-197	copresence	1.601719573474103e-5	1.3546342806783685e-4	dist_kullbackleibler|correl_spearman
MAG-239	MAG-151	copresence	0	0	dist_kullbackleibler|dist_bray|correl_pearson|correl_spearman
MAG-239	MAG-150	copresence	0.002158788580833515	0.015160032168774684	dist_kullbackleibler|dist_bray
MAG-23	MAG-199	copresence	0	0	correl_pearson|dist_kullbackleibler|dist_bray|correl_spearman
MAG-23	MAG-198	copresence	7.264744361634712e-12	8.920363901810795e-11	dist_kullbackleibler|dist_bray|correl_pearson|correl_spearman
MAG-23	MAG-197	copresence	0	0	dist_bray|dist_kullbackleibler|correl_pearson
MAG-147	MAG-272	copresence	4.68309835355285e-11	5.491438031839646e-10	dist_kullbackleibler|dist_bray
MAG-23	MAG-196	copresence	0	0	correl_pearson|dist_kullbackleibler|dist_bray
MAG-268	MAG-116	copresence	0	0	dist_bray|correl_pearson|dist_kullbackleibler|correl_spearman
MAG-206	MAG-107	copresence	8.707389649864616e-6	7.537560292472832e-5	correl_pearson|dist_kullbackleibler|dist_bray
MAG-156	MAG-172	copresence	4.463096558993129e-14	6.157693927970653e-13	correl_pearson|dist_kullbackleibler|correl_spearman
MAG-156	MAG-53	copresence	3.752553823233029e-14	5.188818892744786e-13	dist_bray|dist_kullbackleibler|correl_spearman
MAG-249	MAG-326	copresence	1.2052336906265282e-10	1.3821487277827159e-9	dist_kullbackleibler
MAG-53	MAG-287	copresence	0	0	correl_spearman|correl_pearson|dist_bray|dist_kullbackleibler
MAG-156	MAG-170	copresence	1.5168781594132597e-6	1.3680358580566916e-5	correl_spearman|dist_kullbackleibler
MAG-200	MAG-199	copresence	0	0	correl_spearman|dist_bray|dist_kullbackleibler|correl_pearson
MAG-202	MAG-239	copresence	0	0	dist_bray|dist_kullbackleibler|correl_spearman
MAG-53	MAG-284	copresence	0	0	dist_bray|correl_spearman|dist_kullbackleibler|correl_pearson
MAG-200	MAG-197	copresence	0	0	correl_pearson|dist_kullbackleibler|correl_spearman|dist_bray
MAG-200	MAG-196	copresence	9.992007221626409e-16	1.4591132040926415e-14	dist_kullbackleibler|correl_spearman
MAG-179	MAG-114	copresence	5.0539944451699625e-9	5.203865779623108e-8	dist_bray|dist_kullbackleibler|correl_pearson
MAG-3	MAG-357	copresence	0.0021307687282424714	0.014980095108566306	correl_pearson|correl_spearman
MAG-145	MAG-152	copresence	0	0	correl_pearson|dist_kullbackleibler|dist_bray
MAG-139	MAG-130	copresence	0.0023469900067528693	0.016426301838975848	correl_spearman
MAG-145	MAG-151	copresence	1.5543122344752192e-15	2.264440901041986e-14	correl_pearson|dist_kullbackleibler|dist_bray
MAG-239	MAG-141	copresence	1.263551036931876e-4	9.996448076992688e-4	dist_kullbackleibler|correl_pearson|dist_bray
MAG-208	MAG-210	copresence	0.005495505404953804	0.03638443726796745	dist_kullbackleibler
MAG-150	MAG-185	copresence	2.8799742590734922e-9	2.999973186534888e-8	correl_spearman|dist_bray|dist_kullbackleibler
MAG-311	MAG-59	copresence	0	0	correl_spearman|correl_pearson|dist_kullbackleibler|dist_bray
MAG-156	MAG-168	copresence	5.529183813058891e-4	0.004113976051383104	dist_bray|dist_kullbackleibler|correl_spearman
MAG-383	MAG-1	copresence	0	0	correl_pearson|dist_kullbackleibler|dist_bray
MAG-268	MAG-108	copresence	7.55773221783329e-12	9.261926737540797e-11	dist_bray|correl_pearson|dist_kullbackleibler
MAG-311	MAG-51	copresence	0	0	dist_bray|dist_kullbackleibler|correl_pearson
MAG-344	MAG-330	copresence	0.006030092513110041	0.03975535675837316	correl_pearson|correl_spearman
MAG-311	MAG-50	copresence	0	0	dist_bray|correl_spearman|correl_pearson|dist_kullbackleibler
MAG-219	MAG-221	copresence	0.0013228866481477253	0.009503496035544004	dist_kullbackleibler|dist_bray
MAG-224	MAG-403	copresence	0	0	dist_kullbackleibler|dist_bray|correl_pearson
MAG-356	MAG-185	copresence	0	0	correl_spearman|dist_kullbackleibler
MAG-216	MAG-190	mutualExclusion	0.0013597637234333826	0.009757202378253319	correl_spearman|correl_pearson
MAG-145	MAG-149	copresence	3.3306690738754696e-16	4.968181792773672e-15	dist_kullbackleibler|correl_pearson|dist_bray
MAG-321	MAG-384	copresence	8.838996191500303e-4	0.006446175752261015	dist_kullbackleibler|dist_bray
MAG-239	MAG-132	copresence	1.9322643485253366e-10	2.1720597442955672e-9	dist_bray|correl_pearson|dist_kullbackleibler
MAG-141	MAG-275	copresence	1.6209256159527285e-13	2.1928106276416782e-12	dist_bray|correl_spearman|dist_kullbackleibler
MAG-178	MAG-185	copresence	0	0	dist_kullbackleibler|dist_bray
MAG-178	MAG-184	copresence	0	0	dist_bray|correl_spearman|correl_pearson|dist_kullbackleibler
MAG-31	MAG-239	copresence	0	0	correl_spearman|dist_bray|dist_kullbackleibler|correl_pearson
MAG-216	MAG-188	copresence	0.0018482136790217707	0.0130967522606418	dist_kullbackleibler|correl_spearman
MAG-147	MAG-3	copresence	0	0	dist_kullbackleibler|correl_spearman|correl_pearson
MAG-134	MAG-121	copresence	0	0	dist_bray|dist_kullbackleibler|correl_pearson
MAG-134	MAG-120	copresence	0	0	dist_kullbackleibler|dist_bray|correl_pearson
MAG-152	MAG-284	copresence	3.659472724848456e-11	4.3565151486291143e-10	correl_pearson|dist_bray|dist_kullbackleibler
MAG-219	MAG-210	copresence	1.1102230246251565e-16	1.6760613294461905e-15	correl_pearson|correl_spearman|dist_bray|dist_kullbackleibler
MAG-7	MAG-96	copresence	0	0	correl_spearman|dist_kullbackleibler
MAG-278	MAG-79	copresence	0	0	dist_kullbackleibler|correl_spearman
MAG-321	MAG-379	copresence	1.8047956796163334e-5	1.518165948533255e-4	dist_kullbackleibler|dist_bray|correl_spearman
MAG-392	MAG-286	mutualExclusion	0.0018073827001298115	0.012836524858876501	dist_kullbackleibler|correl_pearson|dist_bray
MAG-145	MAG-136	copresence	0	0	correl_pearson|dist_kullbackleibler|correl_spearman|dist_bray
MAG-235	MAG-403	copresence	0	0	dist_bray|correl_pearson|dist_kullbackleibler
MAG-12	MAG-151	copresence	0.0029004738362169435	0.019942751899181405	correl_spearman|correl_pearson
MAG-213	MAG-228	copresence	6.858788870189869e-9	7.03898693574494e-8	correl_spearman|dist_kullbackleibler|dist_bray
MAG-23	MAG-53	copresence	3.8889003128872446e-11	4.6208416265295206e-10	dist_kullbackleibler|correl_pearson|dist_bray
MAG-141	MAG-262	copresence	4.038180900778343e-11	4.789113971511317e-10	correl_pearson|dist_bray|correl_spearman|dist_kullbackleibler
MAG-379	MAG-110	copresence	0.0023518454773974184	0.0164274780644094	dist_kullbackleibler|dist_bray
MAG-219	MAG-208	copresence	3.733902725631122e-4	0.002808290256942781	dist_kullbackleibler|dist_bray
MAG-115	MAG-326	copresence	0	0	correl_pearson|dist_bray|dist_kullbackleibler|correl_spearman
MAG-124	MAG-227	copresence	1.3655743202889425e-14	1.9309591633045003e-13	dist_kullbackleibler|correl_pearson
MAG-66	MAG-384	copresence	1.6159951188865485e-5	1.3648607423028282e-4	correl_pearson|dist_bray|dist_kullbackleibler
MAG-383	MAG-40	copresence	0	0	dist_kullbackleibler
MAG-152	MAG-275	copresence	0	0	correl_pearson|dist_bray|dist_kullbackleibler|correl_spearman
MAG-22	MAG-324	copresence	0	0	dist_kullbackleibler|correl_spearman|correl_pearson|dist_bray
MAG-378	MAG-195	copresence	2.639280278413647e-4	0.0020215075661869234	correl_pearson|correl_spearman
MAG-202	MAG-203	copresence	0	0	dist_kullbackleibler|correl_spearman
MAG-12	MAG-149	copresence	0.001942512154180065	0.013733824619485753	correl_pearson|correl_spearman
MAG-213	MAG-219	copresence	2.1064144543281316e-5	1.7623949584405385e-4	dist_bray|dist_kullbackleibler
MAG-239	MAG-111	copresence	3.219646771412954e-14	4.481690940162798e-13	correl_pearson|dist_kullbackleibler|correl_spearman|dist_bray
MAG-327	MAG-198	copresence	0	0	dist_bray|dist_kullbackleibler|correl_spearman|correl_pearson
MAG-213	MAG-218	copresence	0	0	dist_kullbackleibler|dist_bray|correl_spearman|correl_pearson
MAG-51	MAG-96	copresence	0	0	correl_pearson|correl_spearman|dist_bray|dist_kullbackleibler
MAG-282	MAG-52	copresence	0	0	correl_pearson|dist_kullbackleibler|dist_bray|correl_spearman
MAG-213	MAG-217	copresence	0	0	correl_spearman|dist_bray|dist_kullbackleibler|correl_pearson
MAG-282	MAG-51	copresence	0	0	dist_kullbackleibler|correl_pearson|dist_bray
MAG-213	MAG-216	copresence	0.0013089238700373373	0.009414009422017674	dist_kullbackleibler|dist_bray
MAG-213	MAG-215	copresence	5.437643668670944e-10	5.931112204047714e-9	dist_bray|dist_kullbackleibler|correl_spearman
MAG-213	MAG-214	copresence	0	0	dist_kullbackleibler|dist_bray|correl_spearman|correl_pearson
MAG-150	MAG-151	copresence	1.404630065138246e-5	1.1927904765100594e-4	dist_bray|dist_kullbackleibler|correl_spearman
MAG-275	MAG-221	copresence	1.5361478467035283e-7	1.4793411466713485e-6	dist_bray|dist_kullbackleibler|correl_pearson
MAG-213	MAG-210	copresence	2.821076705572523e-13	3.735535891912769e-12	dist_kullbackleibler|correl_spearman|dist_bray|correl_pearson
MAG-124	MAG-218	copresence	7.821854275391615e-12	9.548161957265155e-11	correl_pearson|dist_kullbackleibler|correl_spearman
MAG-284	MAG-199	copresence	0	0	correl_spearman|correl_pearson|dist_kullbackleibler|dist_bray
MAG-124	MAG-217	copresence	0.0050806079522359715	0.033744739321439766	correl_spearman|correl_pearson
MAG-284	MAG-198	copresence	1.261184035539209e-6	1.1440348653294712e-5	dist_kullbackleibler|correl_pearson|dist_bray
MAG-116	MAG-153	copresence	3.24603840473614e-8	3.1848885446783166e-7	correl_pearson|dist_kullbackleibler|correl_spearman
MAG-284	MAG-197	copresence	0	0	correl_spearman|dist_bray|dist_kullbackleibler
MAG-22	MAG-316	copresence	0	0	dist_kullbackleibler|correl_pearson
MAG-138	MAG-180	copresence	0	0	correl_pearson|dist_bray|dist_kullbackleibler|correl_spearman
MAG-112	MAG-287	copresence	2.8101766891275304e-7	2.6571262189178614e-6	dist_bray|dist_kullbackleibler
MAG-284	MAG-196	copresence	0	0	dist_kullbackleibler|correl_spearman|correl_pearson|dist_bray
MAG-378	MAG-188	copresence	1.3648835041768503e-4	0.0010757278563815025	correl_spearman|correl_pearson
MAG-23	MAG-152	copresence	0	0	dist_kullbackleibler|correl_spearman|correl_pearson|dist_bray
MAG-238	MAG-194	copresence	1.0586420629010718e-10	1.220758836371162e-9	correl_pearson|dist_bray|dist_kullbackleibler
MAG-124	MAG-214	copresence	1.7018608744479025e-12	2.153164061801496e-11	dist_kullbackleibler|correl_pearson|dist_bray
MAG-23	MAG-151	copresence	6.006306563222097e-14	8.214314227601336e-13	dist_kullbackleibler|correl_spearman|dist_bray
MAG-124	MAG-213	copresence	8.313462595547216e-4	0.006091341292165311	correl_spearman|correl_pearson
MAG-112	MAG-284	copresence	9.290449306531556e-6	8.020070188649479e-5	dist_kullbackleibler
MAG-124	MAG-212	copresence	0	0	dist_bray|dist_kullbackleibler|correl_pearson
MAG-152	MAG-262	copresence	3.830028298512644e-6	3.3762590783785655e-5	dist_kullbackleibler|correl_pearson|dist_bray
MAG-256	MAG-141	copresence	2.3057406195459151e-7	2.203498298495714e-6	dist_kullbackleibler|correl_pearson|correl_spearman|dist_bray
MAG-149	MAG-96	copresence	2.951424567965155e-6	2.6239549857442703e-5	dist_bray|correl_pearson|correl_spearman
MAG-149	MAG-198	copresence	2.3917325577826887e-6	2.138530541651188e-5	dist_kullbackleibler|dist_bray
MAG-56	MAG-199	copresence	0	0	dist_bray|dist_kullbackleibler|correl_pearson|correl_spearman
MAG-3	MAG-318	copresence	9.43689570931383e-15	1.3404681405275329e-13	correl_pearson|dist_kullbackleibler|dist_bray
MAG-378	MAG-180	copresence	0	0	dist_kullbackleibler|correl_pearson|dist_bray
MAG-239	MAG-109	copresence	1.3726797476465435e-12	1.743749679429044e-11	dist_bray|dist_kullbackleibler
MAG-56	MAG-197	copresence	0	0	correl_pearson|correl_spearman|dist_bray|dist_kullbackleibler
MAG-239	MAG-108	copresence	0	0	correl_spearman|dist_kullbackleibler|correl_pearson|dist_bray
MAG-56	MAG-196	copresence	0	0	dist_bray|correl_spearman|dist_kullbackleibler|correl_pearson
MAG-239	MAG-107	copresence	3.093504696614069e-4	0.0023636191141611163	dist_kullbackleibler
MAG-233	MAG-199	copresence	0	0	correl_spearman|dist_bray|correl_pearson|dist_kullbackleibler
MAG-233	MAG-198	copresence	2.3690269743692483e-6	2.12126340828192e-5	correl_pearson|correl_spearman|dist_bray
MAG-233	MAG-197	copresence	0	0	dist_bray|dist_kullbackleibler
MAG-218	MAG-272	copresence	0.007696749595993535	0.04990112549269667	dist_kullbackleibler|dist_bray
MAG-233	MAG-196	copresence	0	0	correl_spearman|dist_kullbackleibler|dist_bray|correl_pearson
MAG-213	MAG-208	copresence	2.1283362849899845e-9	2.2281577522926975e-8	dist_kullbackleibler|dist_bray
MAG-311	MAG-179	copresence	0	0	correl_pearson|dist_kullbackleibler|dist_bray|correl_spearman
MAG-150	MAG-144	copresence	5.6037162489142034e-5	4.578199549766506e-4	dist_kullbackleibler
MAG-23	MAG-31	copresence	0	0	dist_bray|dist_kullbackleibler
MAG-199	MAG-83	copresence	0.0036602052050389577	0.024811586259754322	correl_pearson|correl_spearman
MAG-147	MAG-228	copresence	2.0299170796489463e-6	1.8228422051445278e-5	dist_kullbackleibler|correl_pearson|dist_bray
MAG-311	MAG-13	copresence	0	0	correl_spearman|correl_pearson|dist_kullbackleibler|dist_bray
MAG-53	MAG-239	copresence	1.8551826741486366e-13	2.4881741874311112e-12	dist_bray|dist_kullbackleibler|correl_spearman
MAG-23	MAG-141	copresence	9.495848551921426e-12	1.1546508453211851e-10	dist_bray|dist_kullbackleibler
MAG-195	MAG-188	copresence	5.623279619726418e-13	7.321978671518773e-12	dist_bray|correl_spearman|dist_kullbackleibler|correl_pearson
MAG-145	MAG-107	copresence	0.0023603982548829894	0.016456873722776533	correl_pearson|correl_spearman
MAG-68	MAG-111	copresence	0.001492689157094218	0.010686491674500415	dist_kullbackleibler|dist_bray
MAG-224	MAG-282	copresence	0	0	dist_kullbackleibler|correl_spearman
MAG-147	MAG-219	copresence	0	0	dist_kullbackleibler|correl_pearson|dist_bray
MAG-332	MAG-3	copresence	0	0	dist_kullbackleibler
MAG-282	MAG-30	copresence	0.007162812795792561	0.04677908043229207	dist_bray|correl_pearson
MAG-147	MAG-218	copresence	1.887379141862766e-15	2.7432836364284392e-14	dist_bray|dist_kullbackleibler|correl_pearson|correl_spearman
MAG-147	MAG-217	copresence	6.439293542825908e-15	9.230638679509616e-14	correl_spearman|dist_kullbackleibler|correl_pearson|dist_bray
MAG-150	MAG-73	copresence	0.006436538691052429	0.04234564928323967	dist_kullbackleibler
MAG-147	MAG-215	copresence	0.003005053134946145	0.02059384001470768	dist_kullbackleibler
MAG-138	MAG-166	copresence	0	0	dist_kullbackleibler|dist_bray|correl_pearson
MAG-147	MAG-214	copresence	5.4182704796290615e-5	4.432485667235816e-4	dist_bray|dist_kullbackleibler
MAG-147	MAG-213	copresence	4.4294790058074796e-11	5.223442223829575e-10	correl_pearson|dist_kullbackleibler|dist_bray
MAG-156	MAG-115	copresence	4.1183834120772644e-11	4.874980364674793e-10	correl_pearson|dist_kullbackleibler|dist_bray
MAG-23	MAG-136	copresence	1.1364353902365565e-10	1.3080517843422612e-9	dist_bray|correl_spearman|dist_kullbackleibler
MAG-147	MAG-210	copresence	1.5327461522218755e-10	1.7357693382463815e-9	dist_kullbackleibler|correl_spearman|correl_pearson|dist_bray
MAG-112	MAG-268	copresence	0	0	dist_kullbackleibler|correl_spearman|dist_bray|correl_pearson
MAG-156	MAG-111	copresence	0.007670410929084048	0.0497820023954053	dist_kullbackleibler|dist_bray
MAG-116	MAG-132	copresence	0	0	dist_kullbackleibler|correl_pearson|correl_spearman|dist_bray
MAG-378	MAG-166	copresence	0	0	correl_pearson|dist_kullbackleibler
MAG-384	MAG-188	copresence	6.582144973843462e-6	5.721614198403566e-5	dist_kullbackleibler|correl_pearson|dist_bray
MAG-158	MAG-228	copresence	0	0	dist_bray|correl_pearson|dist_kullbackleibler
MAG-68	MAG-108	copresence	8.401349359532517e-7	7.744606710483515e-6	correl_pearson|dist_kullbackleibler|dist_bray
MAG-7	MAG-51	copresence	0	0	dist_kullbackleibler
MAG-7	MAG-50	copresence	0	0	dist_kullbackleibler|correl_spearman
MAG-326	MAG-28	copresence	1.7260927898155032e-4	0.0013501977392173835	correl_spearman|dist_bray|correl_pearson
MAG-23	MAG-18	copresence	0	0	correl_spearman|dist_bray|dist_kullbackleibler|correl_pearson
MAG-392	MAG-241	mutualExclusion	1.1047584884149586e-4	8.773494984235694e-4	correl_spearman|dist_kullbackleibler|correl_pearson|dist_bray
MAG-115	MAG-28	copresence	4.039329152696336e-4	0.003027075204358765	correl_pearson|dist_bray|correl_spearman
MAG-345	MAG-118	copresence	0	0	correl_pearson|dist_bray|dist_kullbackleibler
MAG-172	MAG-153	copresence	7.440714711037799e-13	9.588549885357988e-12	dist_kullbackleibler|correl_spearman
MAG-141	MAG-221	copresence	2.2211343875255807e-11	2.6696326773143997e-10	correl_spearman|dist_kullbackleibler|dist_bray|correl_pearson
MAG-70	MAG-81	copresence	0	0	correl_spearman|correl_pearson|dist_bray|dist_kullbackleibler
MAG-147	MAG-208	copresence	1.5330314795392042e-10	1.7357693382463815e-9	dist_bray|dist_kullbackleibler
MAG-214	MAG-384	copresence	0.0047244022905382765	0.03164792531175158	correl_pearson|dist_bray|dist_kullbackleibler
MAG-324	MAG-284	copresence	0	0	correl_pearson|dist_bray|dist_kullbackleibler|correl_spearman
MAG-156	MAG-108	copresence	3.5728401182133496e-4	0.002700151238069339	dist_bray|dist_kullbackleibler
MAG-138	MAG-154	copresence	1.1224714535740254e-5	9.636602451700081e-5	correl_spearman|correl_pearson
MAG-347	MAG-229	copresence	0	0	dist_bray|correl_pearson|correl_spearman|dist_kullbackleibler
MAG-390	MAG-121	copresence	0	0	dist_kullbackleibler|correl_pearson|dist_bray
MAG-235	MAG-284	copresence	0	0	correl_pearson|dist_kullbackleibler|dist_bray
MAG-390	MAG-120	copresence	0	0	correl_pearson|dist_kullbackleibler|dist_bray
MAG-235	MAG-282	copresence	0	0	dist_bray|correl_pearson|correl_spearman|dist_kullbackleibler
MAG-378	MAG-154	copresence	6.979951441432597e-5	5.671892343871976e-4	correl_spearman|correl_pearson
MAG-158	MAG-217	copresence	9.340857588686635e-4	0.006796316639032767	dist_kullbackleibler
MAG-59	MAG-96	copresence	0	0	correl_pearson|dist_kullbackleibler|correl_spearman|dist_bray
MAG-180	MAG-280	copresence	0	0	dist_kullbackleibler|dist_bray|correl_pearson|correl_spearman
MAG-179	MAG-403	copresence	0	0	dist_kullbackleibler|correl_pearson|correl_spearman
MAG-118	MAG-230	copresence	0	0	correl_pearson|dist_bray|dist_kullbackleibler
MAG-311	MAG-149	copresence	3.5501694365391856e-6	3.1339772568319085e-5	correl_pearson|correl_spearman|dist_bray
MAG-51	MAG-52	copresence	0	0	dist_bray|dist_kullbackleibler|correl_pearson
MAG-150	MAG-111	copresence	0	0	dist_kullbackleibler|dist_bray|correl_spearman|correl_pearson
MAG-327	MAG-152	copresence	0	0	dist_kullbackleibler|correl_spearman|correl_pearson|dist_bray
MAG-51	MAG-50	copresence	0	0	dist_kullbackleibler|dist_bray|correl_spearman|correl_pearson
MAG-259	MAG-70	copresence	0.0015412084002882631	0.011008631430630451	correl_spearman|correl_pearson
MAG-138	MAG-143	copresence	1.203652586934112e-6	1.0934343994677616e-5	correl_pearson|correl_spearman
MAG-196	MAG-287	copresence	4.440892098500626e-16	6.5771506198172784e-15	dist_bray|dist_kullbackleibler|correl_pearson|correl_spearman
MAG-104	MAG-185	copresence	1.9360741898566403e-9	2.043997244358784e-8	dist_kullbackleibler|dist_bray|correl_pearson|correl_spearman
MAG-112	MAG-249	copresence	0	0	dist_bray|correl_pearson|dist_kullbackleibler|correl_spearman
MAG-104	MAG-184	copresence	1.6947525762756044e-6	1.5240580721902918e-5	dist_bray|correl_pearson|dist_kullbackleibler
MAG-23	MAG-114	copresence	0	0	dist_kullbackleibler
MAG-235	MAG-275	copresence	0	0	dist_bray|dist_kullbackleibler|correl_spearman|correl_pearson
MAG-53	MAG-203	copresence	0	0	correl_pearson|dist_kullbackleibler|correl_spearman|dist_bray
MAG-152	MAG-221	copresence	2.0597867551597204e-6	1.8470110788734938e-5	dist_bray|dist_kullbackleibler|correl_pearson
MAG-224	MAG-7	copresence	0	0	dist_kullbackleibler|dist_bray|correl_pearson
MAG-343	MAG-347	copresence	0	0	correl_spearman|correl_pearson|dist_kullbackleibler|dist_bray
MAG-149	MAG-51	copresence	1.3403256807764663e-6	1.2123061512088153e-5	correl_pearson|correl_spearman|dist_bray
MAG-22	MAG-199	copresence	0	0	correl_spearman|correl_pearson|dist_bray|dist_kullbackleibler
MAG-149	MAG-50	copresence	1.4379253343577147e-10	1.6429677037908075e-9	dist_bray|correl_pearson|dist_kullbackleibler|correl_spearman
MAG-195	MAG-154	copresence	6.255785409692294e-7	5.800987954091519e-6	dist_kullbackleibler|correl_pearson|correl_spearman|dist_bray
MAG-149	MAG-152	copresence	2.6881719072946453e-11	3.218596632297229e-10	dist_bray|correl_pearson|dist_kullbackleibler
MAG-146	MAG-272	copresence	0	0	dist_kullbackleibler|correl_pearson|dist_bray|correl_spearman
MAG-22	MAG-197	copresence	0	0	correl_spearman|dist_bray|dist_kullbackleibler|correl_pearson
MAG-149	MAG-151	copresence	1.2934664450625633e-9	1.3819085951523112e-8	dist_kullbackleibler|dist_bray|correl_pearson
MAG-158	MAG-81	copresence	1.5487699744887173e-4	0.0012175864579313815	correl_pearson|correl_spearman
MAG-22	MAG-196	copresence	1.4750090038262442e-11	1.783134675805421e-10	dist_kullbackleibler|correl_spearman
MAG-56	MAG-152	copresence	8.744732049592585e-9	8.872495991875593e-8	dist_kullbackleibler|correl_pearson|dist_bray
MAG-56	MAG-151	copresence	3.3217872896784684e-13	4.379993789133002e-12	dist_bray|dist_kullbackleibler|correl_pearson
MAG-120	MAG-374	copresence	0	0	correl_pearson|dist_bray|dist_kullbackleibler
MAG-120	MAG-373	copresence	0	0	dist_kullbackleibler|correl_pearson|dist_bray
MAG-233	MAG-152	copresence	0	0	correl_spearman|correl_pearson|dist_bray|dist_kullbackleibler
MAG-233	MAG-151	copresence	0	0	dist_bray|correl_spearman|dist_kullbackleibler|correl_pearson
MAG-311	MAG-136	copresence	4.874157084250319e-4	0.003639603557534587	correl_pearson|dist_bray
MAG-116	MAG-108	copresence	4.920186171819552e-7	4.58972590654809e-6	correl_pearson|dist_kullbackleibler|dist_bray
MAG-327	MAG-141	copresence	0	0	dist_kullbackleibler|dist_bray|correl_spearman
MAG-23	MAG-109	copresence	0	0	correl_pearson|correl_spearman|dist_bray|dist_kullbackleibler
MAG-18	MAG-284	copresence	0	0	correl_pearson|dist_bray|dist_kullbackleibler
MAG-112	MAG-239	copresence	0	0	dist_bray|dist_kullbackleibler|correl_pearson|correl_spearman
MAG-157	MAG-280	copresence	2.464600036056197e-6	2.197396608466652e-5	correl_spearman|correl_pearson|dist_bray
MAG-378	MAG-139	copresence	0	0	correl_pearson|dist_bray|dist_kullbackleibler|correl_spearman
MAG-378	MAG-138	copresence	0	0	dist_kullbackleibler|correl_pearson|correl_spearman|dist_bray
MAG-66	MAG-321	copresence	0.002686682535069318	0.018554437396887554	dist_bray|dist_kullbackleibler
MAG-235	MAG-262	copresence	5.2726940671044e-5	4.3247162623887795e-4	correl_spearman|correl_pearson
MAG-284	MAG-141	copresence	4.733430309378228e-5	3.901717454037819e-4	dist_kullbackleibler
MAG-87	MAG-228	copresence	1.8611421293002195e-9	1.9682129116965097e-8	dist_kullbackleibler|dist_bray|correl_pearson
MAG-384	MAG-154	copresence	8.021361352916756e-13	1.0294354919041012e-11	dist_kullbackleibler|dist_bray|correl_pearson|correl_spearman
MAG-149	MAG-144	copresence	0.0011445405021729416	0.008260251892125732	dist_kullbackleibler
MAG-146	MAG-262	copresence	0.0032924599260503173	0.022391593621125663	dist_bray|dist_kullbackleibler
MAG-149	MAG-141	copresence	5.653568724284241e-10	6.155889290379182e-9	dist_kullbackleibler|dist_bray|correl_pearson
MAG-158	MAG-70	copresence	0	0	correl_pearson|dist_kullbackleibler|correl_spearman|dist_bray
MAG-160	MAG-198	copresence	0.0030237242404614895	0.020699098031636703	dist_kullbackleibler
MAG-52	MAG-275	copresence	0	0	correl_spearman|dist_kullbackleibler|correl_pearson
MAG-203	MAG-68	copresence	0	0	correl_pearson|correl_spearman|dist_bray|dist_kullbackleibler
MAG-233	MAG-141	copresence	0	0	correl_pearson|dist_kullbackleibler|dist_bray|correl_spearman
MAG-327	MAG-132	copresence	2.197839436748339e-4	0.001695863762923101	dist_kullbackleibler|dist_bray
MAG-51	MAG-30	copresence	0	0	correl_pearson|dist_bray|dist_kullbackleibler|correl_spearman
MAG-178	MAG-104	copresence	3.948297484280827e-4	0.002962408076441197	dist_kullbackleibler|dist_bray|correl_pearson
MAG-3	MAG-182	mutualExclusion	0.0011618395153295547	0.008375429032075797	correl_pearson|correl_spearman
MAG-3	MAG-180	copresence	0	0	dist_kullbackleibler|correl_spearman|correl_pearson|dist_bray
MAG-87	MAG-219	copresence	0	0	dist_bray|correl_pearson|correl_spearman|dist_kullbackleibler
MAG-87	MAG-217	copresence	8.803654472089306e-10	9.437880008672069e-9	dist_kullbackleibler|dist_bray|correl_spearman|correl_pearson
MAG-222	MAG-121	copresence	3.219646771412954e-14	4.481690940162798e-13	dist_bray|correl_pearson|dist_kullbackleibler
MAG-222	MAG-120	copresence	0	0	correl_pearson|dist_kullbackleibler|dist_bray
MAG-384	MAG-143	copresence	1.3746891069921219e-8	1.3816730561560165e-7	correl_pearson|dist_bray|dist_kullbackleibler
MAG-218	MAG-219	copresence	5.238073008673183e-8	5.123310845728857e-7	dist_bray|dist_kullbackleibler
MAG-151	MAG-287	copresence	0.002583764151600665	0.017903022114749617	dist_kullbackleibler
MAG-115	MAG-172	copresence	0	0	correl_spearman|dist_bray|correl_pearson|dist_kullbackleibler
MAG-115	MAG-170	copresence	3.11972669919669e-14	4.3620339753868707e-13	dist_bray|correl_pearson|dist_kullbackleibler|correl_spearman
MAG-218	MAG-210	copresence	1.0122125360112477e-10	1.1715422870500553e-9	correl_spearman|dist_bray|dist_kullbackleibler
MAG-151	MAG-284	copresence	0	0	dist_kullbackleibler|correl_spearman|dist_bray
MAG-373	MAG-121	copresence	0	0	dist_bray|dist_kullbackleibler|correl_pearson
MAG-272	MAG-198	copresence	0.0015219867410500854	0.0108837724617426	dist_bray|dist_kullbackleibler
MAG-357	MAG-286	mutualExclusion	0.0036572611610714567	0.024811586259754322	correl_spearman|dist_bray|dist_kullbackleibler
MAG-13	MAG-51	copresence	0	0	dist_kullbackleibler
MAG-112	MAG-53	copresence	1.7757845164323438e-4	0.0013838719735289463	dist_kullbackleibler
MAG-332	MAG-81	copresence	0	0	dist_kullbackleibler|correl_pearson|dist_bray
MAG-218	MAG-208	copresence	3.853605164971796e-7	3.61094936747732e-6	dist_kullbackleibler|dist_bray|correl_pearson
MAG-59	MAG-51	copresence	0	0	dist_kullbackleibler|dist_bray
MAG-145	MAG-403	copresence	0	0	dist_bray|dist_kullbackleibler|correl_pearson|correl_spearman
MAG-324	MAG-239	copresence	0	0	dist_bray|correl_pearson|correl_spearman|dist_kullbackleibler
MAG-151	MAG-275	copresence	6.406661422954096e-4	0.004755538467157138	dist_bray|dist_kullbackleibler
MAG-249	MAG-132	copresence	6.542544284116047e-13	8.466025212365486e-12	dist_bray|dist_kullbackleibler
MAG-288	MAG-198	copresence	0.0061290746002797825	0.04036534905347591	dist_bray|dist_kullbackleibler|correl_pearson
MAG-112	MAG-203	copresence	3.3230005515694216e-5	2.7618023201208625e-4	dist_kullbackleibler|dist_bray
MAG-112	MAG-202	copresence	2.838183021935947e-10	3.167614979839227e-9	dist_kullbackleibler
MAG-217	MAG-280	copresence	0.004853650815741073	0.03247892676486264	correl_pearson|correl_spearman
MAG-149	MAG-13	copresence	0.00657868486365043	0.04323531061810219	correl_spearman|correl_pearson
MAG-159	MAG-363	copresence	5.950608894522702e-10	6.468053146220328e-9	correl_pearson|dist_bray|dist_kullbackleibler
MAG-332	MAG-70	copresence	0	0	correl_spearman|dist_kullbackleibler|dist_bray|correl_pearson
MAG-138	MAG-1	copresence	0	0	dist_kullbackleibler|correl_spearman|correl_pearson|dist_bray
MAG-35	MAG-286	copresence	1.994239662295172e-9	2.094789561234424e-8	dist_bray|correl_pearson|dist_kullbackleibler
MAG-158	MAG-43	copresence	1.761545224837624e-4	0.0013762072069043937	dist_kullbackleibler
MAG-56	MAG-114	copresence	0	0	dist_kullbackleibler|dist_bray
MAG-115	MAG-153	copresence	0	0	dist_kullbackleibler|correl_pearson|correl_spearman|dist_bray
MAG-22	MAG-150	copresence	1.519807613092894e-10	1.7270541057873795e-9	dist_kullbackleibler|correl_spearman|dist_bray
MAG-212	MAG-280	copresence	0	0	dist_kullbackleibler|correl_pearson|dist_bray
MAG-217	MAG-272	copresence	0.005370778014445743	0.03559635481472523	dist_kullbackleibler|dist_bray
MAG-235	MAG-221	copresence	0.0018425575399785288	0.013071492196215442	correl_spearman|correl_pearson
MAG-149	MAG-107	copresence	2.0156222875611363e-4	0.001566870559360336	correl_pearson|dist_kullbackleibler|dist_bray
MAG-56	MAG-109	copresence	6.741496250128876e-11	7.846247963371597e-10	dist_kullbackleibler
MAG-112	MAG-31	copresence	6.112443884376262e-10	6.632426089817993e-9	correl_pearson|dist_bray|dist_kullbackleibler
MAG-183	MAG-176	copresence	0	0	dist_bray|correl_pearson|dist_kullbackleibler
MAG-146	MAG-221	copresence	3.6293540808418623e-4	0.00273624402958524	dist_kullbackleibler|dist_bray
MAG-233	MAG-109	copresence	0	0	dist_bray|correl_spearman|dist_kullbackleibler
MAG-224	MAG-206	copresence	6.020733140266188e-6	5.25552822998096e-5	correl_spearman|correl_pearson|dist_bray
MAG-12	MAG-403	copresence	0	0	dist_kullbackleibler|correl_spearman
MAG-109	MAG-199	copresence	0	0	dist_kullbackleibler
MAG-109	MAG-198	copresence	8.281867226456185e-7	7.645741531071071e-6	dist_bray|dist_kullbackleibler|correl_pearson
MAG-203	MAG-28	copresence	0	0	correl_spearman|dist_kullbackleibler|dist_bray
MAG-109	MAG-196	copresence	0	0	dist_kullbackleibler
MAG-321	MAG-188	copresence	0.007394250951408665	0.04818985239447775	dist_kullbackleibler|dist_bray
MAG-3	MAG-143	copresence	0	0	correl_spearman|correl_pearson|dist_kullbackleibler
MAG-146	MAG-219	copresence	3.521125341040543e-4	0.002665985447375766	dist_bray|dist_kullbackleibler
MAG-106	MAG-239	copresence	0	0	dist_bray|dist_kullbackleibler
MAG-348	MAG-350	copresence	0	0	correl_pearson|correl_spearman|dist_kullbackleibler
MAG-262	MAG-275	copresence	1.1102230246251565e-16	1.6760613294461905e-15	correl_spearman|dist_kullbackleibler|correl_pearson|dist_bray
MAG-326	MAG-172	copresence	0	0	correl_spearman|dist_kullbackleibler
MAG-143	MAG-188	copresence	1.401104700926581e-6	1.2654486099409148e-5	dist_bray|correl_pearson|dist_kullbackleibler
MAG-249	MAG-108	copresence	8.824489753367359e-7	8.122689390065685e-6	dist_kullbackleibler|dist_bray
MAG-66	MAG-195	copresence	1.3978541657522214e-9	1.4908854156913626e-8	dist_kullbackleibler|correl_pearson|correl_spearman|dist_bray
MAG-249	MAG-106	copresence	7.22184734236464e-9	7.387323386215876e-8	dist_kullbackleibler|dist_bray
MAG-66	MAG-190	mutualExclusion	5.416949933567672e-5	4.432485667235816e-4	correl_pearson|correl_spearman
MAG-215	MAG-143	copresence	0.006592505439980578	0.043280629201553164	dist_kullbackleibler
MAG-157	MAG-228	copresence	7.277511926417901e-13	9.39761354134543e-12	correl_spearman|dist_bray|dist_kullbackleibler|correl_pearson
MAG-324	MAG-203	copresence	0	0	dist_bray|correl_pearson|correl_spearman|dist_kullbackleibler
MAG-108	MAG-28	copresence	3.5172171353181625e-7	3.3106335987558005e-6	dist_bray|correl_pearson|correl_spearman
MAG-239	MAG-287	copresence	0	0	dist_bray|dist_kullbackleibler|correl_spearman|correl_pearson
MAG-348	MAG-349	copresence	3.924775179409146e-6	3.454907728353121e-5	correl_pearson|correl_spearman
MAG-239	MAG-284	copresence	0	0	correl_spearman|dist_bray|correl_pearson|dist_kullbackleibler
MAG-379	MAG-272	copresence	8.518022828430949e-4	0.0062339160044137506	dist_kullbackleibler|dist_bray
MAG-124	MAG-40	copresence	0	0	dist_kullbackleibler|dist_bray|correl_pearson
MAG-268	MAG-249	copresence	0	0	dist_kullbackleibler|dist_bray
MAG-59	MAG-13	copresence	0	0	correl_spearman|correl_pearson|dist_kullbackleibler|dist_bray
MAG-66	MAG-188	copresence	2.9463098627502404e-12	3.6755362559259483e-11	correl_spearman|dist_bray|dist_kullbackleibler
MAG-332	MAG-180	copresence	0	0	dist_kullbackleibler|dist_bray|correl_spearman|correl_pearson
MAG-124	MAG-383	copresence	0	0	dist_kullbackleibler|correl_pearson
MAG-157	MAG-219	copresence	2.1125320381898405e-9	2.2153230266252522e-8	dist_kullbackleibler|correl_spearman|dist_bray
MAG-157	MAG-218	copresence	0	0	dist_bray|dist_kullbackleibler|correl_spearman|correl_pearson
MAG-157	MAG-217	copresence	0	0	correl_spearman|dist_kullbackleibler|dist_bray|correl_pearson
MAG-154	MAG-188	copresence	2.9821169389432356e-6	2.6474759756243213e-5	dist_bray|dist_kullbackleibler
MAG-157	MAG-214	copresence	0	0	correl_pearson|dist_bray|dist_kullbackleibler
MAG-157	MAG-213	copresence	0	0	dist_bray|correl_spearman|correl_pearson|dist_kullbackleibler
MAG-316	MAG-17	copresence	1.1102230246251565e-16	1.6760613294461905e-15	correl_pearson|dist_kullbackleibler|dist_bray
MAG-157	MAG-210	copresence	5.3473860737174306e-006	4.674288525976775e-5	dist_kullbackleibler|correl_spearman|dist_bray
MAG-321	MAG-160	copresence	2.272949495285559e-9	2.3755743052733686e-8	correl_spearman|dist_bray|dist_kullbackleibler
MAG-145	MAG-282	copresence	0	0	correl_spearman|dist_kullbackleibler|correl_pearson
MAG-73	MAG-111	copresence	1.8116072544982487e-5	1.521847492018018e-4	dist_kullbackleibler
MAG-288	MAG-152	copresence	8.006242118940854e-5	6.448326448889219e-4	dist_bray|correl_pearson|dist_kullbackleibler
MAG-288	MAG-151	copresence	3.590915830369301e-4	0.002710534292247359	correl_pearson|dist_kullbackleibler|dist_bray
MAG-272	MAG-141	copresence	5.20418930172184e-10	5.6863956531051574e-9	dist_kullbackleibler|dist_bray
MAG-326	MAG-153	copresence	3.6255221047554187e-10	4.017644176369036e-9	dist_bray|dist_kullbackleibler|correl_pearson
MAG-268	MAG-239	copresence	0	0	dist_kullbackleibler|dist_bray|correl_pearson
MAG-115	MAG-116	copresence	1.4954704141700859e-13	2.0274815810331968e-12	dist_bray|correl_pearson|correl_spearman|dist_kullbackleibler
MAG-124	MAG-378	copresence	0	0	dist_kullbackleibler|correl_pearson|dist_bray
MAG-203	MAG-199	copresence	0	0	dist_bray|correl_pearson|correl_spearman|dist_kullbackleibler
MAG-203	MAG-197	copresence	0	0	correl_spearman|correl_pearson|dist_kullbackleibler|dist_bray
MAG-22	MAG-111	copresence	1.3767624581939586e-5	1.1723113574539838e-4	dist_kullbackleibler|correl_spearman
MAG-203	MAG-196	copresence	0	0	correl_spearman|dist_kullbackleibler|dist_bray|correl_pearson
MAG-383	MAG-166	copresence	0	0	correl_pearson|dist_kullbackleibler|dist_bray
MAG-157	MAG-208	copresence	3.843123225311107e-5	3.181393398436347e-4	dist_bray|dist_kullbackleibler
MAG-321	MAG-158	copresence	1.178803822332597e-7	1.1404835742381936e-6	correl_spearman|dist_kullbackleibler
MAG-13	MAG-7	copresence	0	0	correl_pearson|dist_kullbackleibler|correl_spearman|dist_bray
MAG-321	MAG-157	copresence	3.70143027339509e-10	4.087268411434507e-9	dist_bray|correl_spearman|dist_kullbackleibler
MAG-343	MAG-184	copresence	2.513624752786825e-9	2.622730334710794e-8	dist_bray|correl_pearson|dist_kullbackleibler
MAG-102	MAG-81	copresence	0	0	correl_spearman|dist_kullbackleibler|dist_bray|correl_pearson
MAG-136	MAG-59	copresence	2.377233965233927e-10	2.65790917400931e-9	correl_spearman|dist_bray|correl_pearson
MAG-124	MAG-3	copresence	0	0	dist_bray|correl_pearson|dist_kullbackleibler|correl_spearman
MAG-114	MAG-197	copresence	1.4601986286777446e-10	1.6623390581486164e-9	dist_kullbackleibler|dist_bray
MAG-124	MAG-1	copresence	0	0	correl_spearman|dist_kullbackleibler
MAG-159	MAG-318	copresence	0	0	dist_kullbackleibler
MAG-136	MAG-50	copresence	2.6878162806553973e-8	2.649661159952087e-7	dist_kullbackleibler|dist_bray
MAG-156	MAG-287	copresence	0	0	dist_kullbackleibler|correl_pearson|correl_spearman|dist_bray
MAG-115	MAG-108	copresence	4.440892098500626e-15	6.395293920651823e-14	correl_spearman|dist_kullbackleibler|dist_bray
MAG-156	MAG-286	copresence	1.5289080845803937e-7	1.4746412852820156e-6	dist_bray|dist_kullbackleibler
MAG-147	MAG-384	copresence	4.357370460672527e-6	3.8303186187346406e-5	dist_kullbackleibler|dist_bray|correl_pearson
MAG-13	MAG-206	copresence	6.64439930728733e-5	5.407225998768986e-4	correl_pearson|correl_spearman|dist_bray
MAG-22	MAG-108	copresence	6.1355403535579e-8	5.991738626521387e-7	dist_kullbackleibler|correl_spearman
MAG-321	MAG-147	copresence	0	0	dist_kullbackleibler|dist_bray|correl_pearson
MAG-383	MAG-154	copresence	0	0	dist_kullbackleibler|dist_bray|correl_pearson
MAG-321	MAG-146	copresence	2.2522693399196214e-7	2.155694238054768e-6	dist_kullbackleibler|correl_spearman|dist_bray
MAG-160	MAG-110	copresence	3.6458469576672314e-10	4.03301654609207e-9	correl_pearson|dist_kullbackleibler|dist_bray
MAG-109	MAG-152	copresence	0	0	dist_kullbackleibler|correl_pearson|dist_bray|correl_spearman
MAG-179	MAG-224	copresence	0	0	dist_kullbackleibler|correl_pearson|dist_bray
MAG-109	MAG-151	copresence	1.9490712377390196e-9	2.0507904437489685e-8	correl_spearman|dist_bray|dist_kullbackleibler
MAG-102	MAG-70	copresence	1.5716610909488615e-5	1.3310137965352826e-4	correl_pearson|dist_bray|correl_spearman
MAG-311	MAG-403	copresence	0	0	dist_bray|correl_spearman|correl_pearson|dist_kullbackleibler
MAG-321	MAG-143	copresence	2.4300561562995426e-12	3.0497692724642855e-11	dist_kullbackleibler|correl_pearson|dist_bray
MAG-139	MAG-40	copresence	0	0	dist_kullbackleibler|correl_pearson|dist_bray
MAG-288	MAG-136	copresence	9.92709064395747e-7	9.110766009505754e-6	dist_kullbackleibler|dist_bray|correl_pearson
MAG-378	MAG-1	copresence	0	0	correl_spearman|dist_bray|dist_kullbackleibler|correl_pearson
MAG-332	MAG-159	copresence	0	0	correl_pearson|dist_bray|dist_kullbackleibler
MAG-308	MAG-330	mutualExclusion	4.8048928169563965e-9	4.963732248921897e-8	dist_bray|dist_kullbackleibler|correl_spearman
MAG-200	MAG-53	copresence	0	0	dist_kullbackleibler|correl_pearson|correl_spearman|dist_bray
MAG-66	MAG-157	copresence	1.4988944130323034e-7	1.4479273696216222e-6	dist_bray|correl_spearman|correl_pearson|dist_kullbackleibler
MAG-66	MAG-154	copresence	2.160160939013167e-12	2.716500174815351e-11	correl_spearman|dist_kullbackleibler|correl_pearson|dist_bray
MAG-109	MAG-141	copresence	1.6054583906843778e-4	0.0012605672037408744	dist_kullbackleibler
MAG-217	MAG-219	copresence	7.882583474838611e-15	1.1247978702680667e-13	dist_bray|dist_kullbackleibler|correl_spearman|correl_pearson
MAG-217	MAG-218	copresence	0	0	correl_spearman|dist_kullbackleibler|correl_pearson|dist_bray
MAG-56	MAG-53	copresence	0	0	dist_bray|dist_kullbackleibler
MAG-158	MAG-381	copresence	0	0	dist_bray|correl_pearson|dist_kullbackleibler
MAG-56	MAG-50	copresence	0	0	correl_spearman|correl_pearson|dist_kullbackleibler|dist_bray
MAG-214	MAG-188	copresence	2.6868215273645468e-5	2.245004618452997e-4	correl_pearson|dist_kullbackleibler|dist_bray
MAG-150	MAG-287	copresence	3.530197449685968e-5	2.9301107650115933e-4	dist_bray|dist_kullbackleibler
MAG-136	MAG-31	copresence	2.220446049250313e-15	3.2124508814385316e-14	dist_bray|dist_kullbackleibler|correl_spearman
MAG-217	MAG-210	copresence	2.942091015256665e-14	4.1228853913350124e-13	correl_spearman|dist_kullbackleibler|correl_pearson|dist_bray
MAG-262	MAG-221	copresence	0	0	dist_bray|dist_kullbackleibler|correl_pearson|correl_spearman
MAG-66	MAG-147	copresence	6.480263787681517e-4	0.004804466034757946	dist_bray|dist_kullbackleibler
MAG-66	MAG-146	copresence	0.004081938162153298	0.027550878524252823	dist_kullbackleibler|dist_bray
MAG-149	MAG-403	copresence	0.007186674692494899	0.04688592570782162	dist_bray|correl_pearson
MAG-145	MAG-7	copresence	0	0	correl_pearson|dist_bray|dist_kullbackleibler
MAG-23	MAG-284	copresence	0	0	correl_spearman|dist_kullbackleibler|dist_bray|correl_pearson
MAG-66	MAG-143	copresence	9.337706439266347e-4	0.006796316639032767	dist_bray|dist_kullbackleibler
MAG-212	MAG-217	copresence	0.0029199891595547145	0.020054870601337326	correl_pearson|correl_spearman
MAG-268	MAG-203	copresence	9.51206757804357e-9	9.635400707094379e-8	correl_pearson|dist_bray|dist_kullbackleibler
MAG-268	MAG-202	copresence	1.1554612822095578e-10	1.3275060687150251e-9	dist_bray|correl_pearson|dist_kullbackleibler
MAG-212	MAG-214	copresence	2.9729416928248042e-8	2.9261237134102404e-7	correl_pearson|correl_spearman
MAG-202	MAG-326	copresence	6.518008355271832e-11	7.60028959336734e-10	dist_kullbackleibler
MAG-139	MAG-227	copresence	0	0	dist_kullbackleibler|correl_pearson|dist_bray
MAG-179	MAG-206	copresence	6.205073847409537e-6	5.408885850252386e-5	dist_kullbackleibler|dist_bray
MAG-123	MAG-218	copresence	0.0010303058470144677	0.007453022620185675	dist_bray|dist_kullbackleibler
MAG-136	MAG-198	copresence	0.00202746332672632	0.014302083286726296	dist_kullbackleibler|dist_bray
MAG-123	MAG-217	copresence	0.0067749268745979085	0.04438500310926303	dist_kullbackleibler|dist_bray
MAG-179	MAG-202	copresence	8.710128174271858e-10	9.353659980962048e-9	dist_kullbackleibler|dist_bray
MAG-111	MAG-287	copresence	9.28812582401406e-13	1.1895652950837679e-11	dist_kullbackleibler|dist_bray
MAG-217	MAG-208	copresence	3.232754009496741e-4	0.0024579942286319504	dist_bray|dist_kullbackleibler
MAG-123	MAG-214	copresence	0.0020320935291925357	0.01431858461945135	dist_kullbackleibler|dist_bray
MAG-123	MAG-213	copresence	5.198989292520828e-6	4.5509360053578675e-5	dist_bray|dist_kullbackleibler
MAG-154	MAG-143	copresence	0	0	correl_spearman|dist_kullbackleibler|correl_pearson|dist_bray
MAG-224	MAG-96	copresence	0	0	correl_pearson|dist_kullbackleibler|dist_bray
MAG-123	MAG-210	copresence	3.5411673593443993e-12	4.3826328704757415e-11	dist_bray|correl_pearson|dist_kullbackleibler
MAG-332	MAG-138	copresence	0.001912800545418425	0.01353907520822781	dist_bray|correl_spearman|correl_pearson
MAG-228	MAG-219	copresence	3.355663347193172e-8	3.287287761748797e-7	dist_bray|dist_kullbackleibler|correl_pearson
MAG-228	MAG-218	copresence	1.1991149158840919e-5	1.025235051200489e-4	dist_kullbackleibler
MAG-228	MAG-217	copresence	2.220446049250313e-16	3.3200449300991524e-15	dist_bray|correl_spearman|correl_pearson|dist_kullbackleibler
MAG-134	MAG-222	copresence	8.505932069802213e-9	8.658318474961536e-8	dist_kullbackleibler|correl_pearson|dist_bray
MAG-22	MAG-68	copresence	4.440892098500626e-16	6.5771506198172784e-15	dist_kullbackleibler|correl_spearman|dist_bray
MAG-318	MAG-81	copresence	0	0	correl_pearson|dist_kullbackleibler|dist_bray
MAG-31	MAG-96	copresence	0.004938692490928043	0.03290706617089581	dist_bray|correl_pearson
MAG-203	MAG-151	copresence	1.5682865583954708e-7	1.5079678446110297e-6	correl_spearman|dist_kullbackleibler
MAG-203	MAG-150	copresence	7.836685078643768e-9	8.003150611360057e-8	dist_kullbackleibler|correl_spearman
MAG-288	MAG-109	copresence	1.6753265441593612e-13	2.2615099138220318e-12	dist_kullbackleibler|correl_pearson|dist_bray|correl_spearman
MAG-145	MAG-235	copresence	0	0	dist_kullbackleibler
MAG-43	MAG-188	copresence	1.9838161147145428e-7	1.9045853635892307e-6	correl_pearson|dist_bray|dist_kullbackleibler
MAG-288	MAG-106	copresence	9.089078117918703e-6	7.85708689308325e-5	dist_bray|dist_kullbackleibler|correl_pearson
MAG-56	MAG-31	copresence	0	0	dist_bray|dist_kullbackleibler|correl_pearson
MAG-136	MAG-13	copresence	1.1943267950309533e-4	9.460763585479668e-4	correl_spearman|correl_pearson
MAG-114	MAG-152	copresence	3.2034208619080573e-10	3.5625232005205266e-9	correl_pearson|dist_bray|dist_kullbackleibler
MAG-114	MAG-151	copresence	0	0	correl_spearman|dist_kullbackleibler|dist_bray|correl_pearson
MAG-114	MAG-150	copresence	3.0160226721642758e-6	2.6737789646846417e-5	dist_bray|dist_kullbackleibler|correl_pearson
MAG-326	MAG-108	copresence	5.2513549064769904e-14	7.197580738044121e-13	correl_spearman|dist_kullbackleibler|correl_pearson|dist_bray
MAG-200	MAG-23	copresence	0	0	dist_kullbackleibler
MAG-193	MAG-194	copresence	0	0	correl_pearson|dist_bray|dist_kullbackleibler
MAG-22	MAG-56	copresence	0	0	dist_bray|dist_kullbackleibler
MAG-31	MAG-324	copresence	0	0	dist_kullbackleibler|dist_bray|correl_spearman
MAG-22	MAG-53	copresence	0	0	dist_kullbackleibler|correl_pearson|correl_spearman|dist_bray
MAG-230	MAG-352	copresence	0	0	correl_pearson|dist_kullbackleibler|dist_bray
MAG-56	MAG-23	copresence	0	0	correl_spearman|dist_bray|dist_kullbackleibler|correl_pearson
MAG-145	MAG-224	copresence	0	0	correl_spearman|correl_pearson|dist_kullbackleibler|dist_bray
MAG-218	MAG-384	copresence	2.1455267475278816e-4	0.0016595968034714432	dist_bray|dist_kullbackleibler|correl_pearson
MAG-214	MAG-154	copresence	8.660291483941762e-9	8.801109231648132e-8	correl_pearson|dist_kullbackleibler|dist_bray
MAG-108	MAG-197	copresence	3.376587898173966e-11	4.0274187716769636e-10	dist_bray|dist_kullbackleibler|correl_spearman
MAG-156	MAG-239	copresence	0.004882867457223106	0.0326046171021842	dist_kullbackleibler
MAG-138	MAG-280	copresence	0	0	correl_spearman|correl_pearson|dist_kullbackleibler|dist_bray
MAG-56	MAG-18	copresence	0	0	correl_pearson|dist_bray|dist_kullbackleibler
MAG-378	MAG-280	copresence	0	0	dist_kullbackleibler|dist_bray|correl_pearson
MAG-378	MAG-40	copresence	0	0	dist_bray|correl_pearson|dist_kullbackleibler
MAG-230	MAG-342	copresence	0	0	correl_pearson|dist_bray|dist_kullbackleibler
MAG-159	MAG-180	copresence	0	0	dist_kullbackleibler|correl_pearson|dist_bray
MAG-114	MAG-136	copresence	3.85014242709758e-12	4.7556107054070906e-11	dist_kullbackleibler|dist_bray|correl_spearman
MAG-114	MAG-132	copresence	9.36155010518025e-5	7.491637408114796e-4	dist_bray|dist_kullbackleibler
MAG-403	MAG-151	copresence	1.1006214911679635e-6	1.0056848420759901e-5	dist_bray|correl_pearson|correl_spearman
MAG-214	MAG-143	copresence	4.6645243223508714e-11	5.479939288476118e-10	correl_pearson|dist_kullbackleibler|dist_bray
MAG-116	MAG-249	copresence	4.617847588617163e-5	3.812621853217605e-4	dist_kullbackleibler|dist_bray
MAG-327	MAG-282	copresence	4.1020087611343126e-4	0.00307036583917239	correl_pearson|correl_spearman
MAG-345	MAG-230	copresence	0	0	correl_pearson|dist_bray|dist_kullbackleibler
MAG-145	MAG-96	copresence	0	0	correl_spearman|dist_kullbackleibler|correl_pearson|dist_bray
MAG-284	MAG-287	copresence	4.611100390405909e-11	5.427378048971173e-10	dist_bray|dist_kullbackleibler|correl_spearman|correl_pearson
MAG-158	MAG-3	copresence	1.0695148988659753e-8	1.0798817637984403e-7	correl_pearson|dist_kullbackleibler
MAG-369	MAG-370	copresence	0	0	dist_bray|correl_pearson|dist_kullbackleibler
MAG-118	MAG-352	copresence	0	0	correl_pearson|dist_bray|dist_kullbackleibler
MAG-56	MAG-284	copresence	0	0	correl_spearman|dist_kullbackleibler|correl_pearson|dist_bray
MAG-224	MAG-59	copresence	0	0	dist_bray|dist_kullbackleibler|correl_pearson
MAG-12	MAG-224	copresence	0	0	dist_kullbackleibler|correl_pearson|dist_bray
MAG-392	MAG-350	mutualExclusion	0.0038126146714655418	0.025816729898872844	dist_bray|dist_kullbackleibler|correl_pearson
MAG-136	MAG-152	copresence	0	0	correl_spearman|dist_bray|dist_kullbackleibler|correl_pearson
MAG-136	MAG-151	copresence	0	0	dist_bray|correl_pearson|dist_kullbackleibler|correl_spearman
MAG-136	MAG-150	copresence	0.00486289693529296	0.03250599555677112	dist_kullbackleibler
MAG-233	MAG-284	copresence	0	0	dist_bray|dist_kullbackleibler|correl_pearson|correl_spearman
MAG-327	MAG-275	copresence	0	0	dist_bray|correl_pearson|dist_kullbackleibler|correl_spearman
MAG-224	MAG-51	copresence	0	0	dist_kullbackleibler|dist_bray|correl_pearson
MAG-224	MAG-50	copresence	0	0	dist_bray|correl_pearson|dist_kullbackleibler
MAG-116	MAG-239	copresence	1.2783825243944946e-6	1.1579551851399408e-5	dist_bray|dist_kullbackleibler|correl_pearson
MAG-324	MAG-392	mutualExclusion	0.0031675192599268653	0.02163606051862613	dist_bray|dist_kullbackleibler
MAG-23	MAG-239	copresence	1.7075230118734908e-13	2.300004056941663e-12	dist_kullbackleibler|correl_pearson|dist_bray
MAG-103	MAG-108	copresence	3.1301794563742824e-4	0.002388720586366211	dist_kullbackleibler|correl_pearson|dist_bray
MAG-103	MAG-107	copresence	0.0041331707516037985	0.027866577343607056	dist_bray|dist_kullbackleibler
MAG-23	MAG-235	copresence	0	0	dist_bray|dist_kullbackleibler
MAG-153	MAG-186	copresence	0	0	correl_pearson|dist_bray|dist_kullbackleibler
MAG-208	MAG-182	mutualExclusion	0.003216401706546912	0.02192203998464362	correl_pearson|correl_spearman
MAG-53	MAG-324	copresence	0	0	dist_kullbackleibler|dist_bray|correl_spearman|correl_pearson
MAG-22	MAG-23	copresence	5.052624985069087e-13	6.59267351914025e-12	dist_kullbackleibler
MAG-68	MAG-28	copresence	9.94345500331395e-5	7.936985155901939e-4	correl_spearman|dist_bray|correl_pearson
MAG-118	MAG-349	copresence	0	0	dist_bray|correl_pearson|dist_kullbackleibler
MAG-159	MAG-166	copresence	0	0	dist_kullbackleibler|dist_bray|correl_pearson
MAG-114	MAG-31	copresence	1.1102230246251565e-16	1.6760613294461905e-15	correl_spearman|dist_kullbackleibler|dist_bray
MAG-87	MAG-43	copresence	3.0137158324450297e-9	3.134063885654149e-8	correl_pearson|dist_bray|dist_kullbackleibler
MAG-203	MAG-111	copresence	6.34422847589633e-10	6.8719979158322464e-9	dist_bray|dist_kullbackleibler|correl_spearman
MAG-31	MAG-52	copresence	7.205347429817266e-14	9.811202927311091e-13	dist_kullbackleibler|dist_bray|correl_pearson
MAG-136	MAG-149	copresence	1.943928462644351e-9	2.0488284808646194e-8	dist_bray|dist_kullbackleibler|correl_pearson
MAG-219	MAG-198	copresence	1.3881647478286574e-5	1.1804122005345726e-4	dist_kullbackleibler
MAG-31	MAG-51	copresence	0	0	correl_pearson|dist_kullbackleibler|dist_bray
MAG-149	MAG-275	copresence	1.7397194795876203e-13	2.3383326338543284e-12	dist_bray|correl_spearman|dist_kullbackleibler
MAG-179	MAG-51	copresence	0	0	dist_kullbackleibler
MAG-31	MAG-50	copresence	0	0	correl_pearson|dist_kullbackleibler|dist_bray
MAG-179	MAG-50	copresence	0	0	correl_pearson|dist_kullbackleibler|correl_spearman|dist_bray
MAG-118	MAG-342	copresence	0	0	dist_kullbackleibler|correl_pearson|dist_bray
MAG-249	MAG-287	copresence	0.005048606585080884	0.033603611455543685	dist_bray|dist_kullbackleibler
MAG-136	MAG-144	copresence	1.1102230246251565e-16	1.6760613294461905e-15	correl_pearson|dist_bray|dist_kullbackleibler
MAG-182	MAG-143	mutualExclusion	0.004178283605526412	0.028140379886357838	correl_pearson|correl_spearman
MAG-227	MAG-40	copresence	0	0	correl_spearman|correl_pearson|dist_kullbackleibler|dist_bray
MAG-43	MAG-143	copresence	1.0062260312748705e-5	8.67436233857647e-5	dist_kullbackleibler
MAG-114	MAG-111	copresence	1.0103029524088925e-14	1.4318352500126028e-13	correl_spearman|dist_kullbackleibler|correl_pearson|dist_bray
MAG-202	MAG-197	copresence	1.6120438317557273e-12	2.043666115308985e-11	correl_spearman|dist_kullbackleibler
MAG-318	MAG-363	copresence	0	0	dist_bray|correl_pearson|dist_kullbackleibler
MAG-102	MAG-180	copresence	0	0	correl_pearson|dist_kullbackleibler|correl_spearman
MAG-282	MAG-152	copresence	7.892121337282898e-5	6.372836997159963e-4	correl_pearson|correl_spearman
MAG-327	MAG-262	copresence	7.269879143123603e-10	7.833921490434917e-9	dist_kullbackleibler|correl_pearson|correl_spearman
MAG-53	MAG-68	copresence	4.053535285208909e-10	4.452477246494848e-9	dist_kullbackleibler|correl_pearson|dist_bray
MAG-15	MAG-29	copresence	0	0	dist_bray|dist_kullbackleibler|correl_pearson
MAG-51	MAG-275	copresence	0.0033980894036876874	0.02308484649244353	correl_spearman|correl_pearson
MAG-12	MAG-7	copresence	0	0	dist_kullbackleibler|dist_bray|correl_spearman|correl_pearson
MAG-203	MAG-108	copresence	8.881784197001252e-16	1.3000269609193871e-14	dist_bray|correl_spearman|dist_kullbackleibler
MAG-180	MAG-384	copresence	0.002676311076353799	0.018503256888508013	correl_spearman|correl_pearson
MAG-81	MAG-363	copresence	0	0	correl_pearson|dist_bray|dist_kullbackleibler
MAG-114	MAG-109	copresence	0	0	correl_spearman|dist_bray|dist_kullbackleibler
MAG-114	MAG-108	copresence	0	0	dist_bray|correl_spearman|dist_kullbackleibler|correl_pearson
MAG-114	MAG-107	copresence	8.250733429804313e-12	1.0052063145473091e-10	dist_bray|dist_kullbackleibler|correl_spearman
MAG-114	MAG-106	copresence	0	0	correl_spearman|dist_kullbackleibler|dist_bray
MAG-392	MAG-331	mutualExclusion	7.526388074704515e-4	0.005534108878459202	dist_kullbackleibler|correl_pearson|dist_bray|correl_spearman
MAG-233	MAG-268	copresence	0	0	correl_spearman|dist_kullbackleibler
MAG-114	MAG-103	copresence	4.0377011767400717e-7	3.772142354951487e-6	correl_pearson|dist_bray|dist_kullbackleibler|correl_spearman
MAG-12	MAG-96	copresence	0	0	dist_kullbackleibler|correl_spearman
MAG-120	MAG-121	copresence	0	0	dist_bray|dist_kullbackleibler|correl_pearson
MAG-178	MAG-229	copresence	2.822427819237916e-7	2.6646788323620807e-6	dist_bray|correl_pearson|dist_kullbackleibler
MAG-282	MAG-141	copresence	0.001756639476948041	0.01251881041154533	correl_spearman
MAG-179	MAG-7	copresence	0	0	dist_kullbackleibler|correl_pearson|dist_bray|correl_spearman
MAG-108	MAG-152	copresence	0.0075358142213627355	0.048959291978708	dist_kullbackleibler
MAG-108	MAG-151	copresence	6.554998687180458e-7	6.069443228870794e-6	dist_bray|dist_kullbackleibler|correl_spearman
MAG-108	MAG-150	copresence	6.076487710029443e-4	0.004515820236347684	dist_kullbackleibler|dist_bray
MAG-152	MAG-52	copresence	0	0	correl_pearson|dist_kullbackleibler|dist_bray|correl_spearman
MAG-152	MAG-50	copresence	6.3101427416611955e-9	6.486577653845801e-8	dist_bray|correl_pearson|dist_kullbackleibler
MAG-216	MAG-221	copresence	2.3759072087792266e-4	0.001822014730658916	dist_bray|dist_kullbackleibler
MAG-31	MAG-30	copresence	0	0	dist_kullbackleibler|dist_bray|correl_pearson
MAG-352	MAG-342	copresence	0	0	correl_pearson|dist_bray|dist_kullbackleibler
MAG-102	MAG-166	copresence	0	0	correl_pearson|dist_bray|dist_kullbackleibler
MAG-31	MAG-196	copresence	0	0	correl_spearman|dist_kullbackleibler|dist_bray
MAG-145	MAG-59	copresence	0	0	correl_pearson|correl_spearman|dist_bray|dist_kullbackleibler
MAG-157	MAG-384	copresence	4.85269335825933e-9	5.00484050975591e-8	dist_kullbackleibler|dist_bray|correl_pearson
MAG-157	MAG-383	copresence	3.333999742949345e-13	4.386841767038612e-12	correl_pearson|dist_kullbackleibler
MAG-73	MAG-287	copresence	3.006066118249606e-8	2.954074408657239e-7	dist_kullbackleibler
MAG-208	MAG-154	copresence	3.0925756709931917e-006	2.7377617484004885e-5	dist_kullbackleibler
MAG-216	MAG-218	copresence	1.1092251100652817e-4	8.797787992269049e-4	dist_bray|dist_kullbackleibler
MAG-157	MAG-81	copresence	1.6470112408351056e-5	1.3891795216220527e-4	correl_pearson|correl_spearman
MAG-216	MAG-217	copresence	5.04319919159002e-11	5.891587840642546e-10	dist_kullbackleibler|dist_bray|correl_spearman
MAG-23	MAG-203	copresence	0	0	correl_pearson|dist_bray|dist_kullbackleibler
MAG-145	MAG-52	copresence	0	0	dist_bray|dist_kullbackleibler
MAG-145	MAG-51	copresence	0	0	dist_bray|dist_kullbackleibler|correl_pearson
MAG-145	MAG-50	copresence	0	0	dist_kullbackleibler|correl_pearson|dist_bray
MAG-159	MAG-138	copresence	0	0	correl_spearman|dist_bray|correl_pearson|dist_kullbackleibler
MAG-200	MAG-203	copresence	0	0	dist_kullbackleibler|dist_bray|correl_spearman|correl_pearson
MAG-115	MAG-287	copresence	2.2556222778469248e-8	2.2341742054743709e-7	dist_kullbackleibler|correl_spearman
MAG-124	MAG-188	copresence	3.893797733134363e-7	3.6431490766601453e-6	dist_kullbackleibler|dist_bray|correl_pearson
MAG-102	MAG-159	copresence	0	0	correl_pearson|dist_kullbackleibler|dist_bray
MAG-22	MAG-287	copresence	3.100186773963287e-12	3.859794290292937e-11	dist_kullbackleibler|correl_spearman
MAG-22	MAG-284	copresence	1.6922907519756336e-11	2.0418566022872027e-10	correl_spearman|dist_kullbackleibler
MAG-211	MAG-218	copresence	3.650373336938628e-9	3.7898394278847885e-8	correl_pearson|dist_kullbackleibler|correl_spearman|dist_bray
MAG-136	MAG-111	copresence	3.669622472670664e-4	0.0027632699342399576	dist_kullbackleibler
MAG-211	MAG-217	copresence	0.0010695221160811341	0.007727760954343454	dist_bray|dist_kullbackleibler
MAG-219	MAG-160	copresence	2.6074075232251914e-8	2.574454505554099e-7	dist_kullbackleibler|dist_bray|correl_spearman
MAG-211	MAG-215	copresence	5.0139226104306545e-11	5.868355115204418e-10	correl_pearson|dist_bray|correl_spearman|dist_kullbackleibler
MAG-224	MAG-13	copresence	0	0	dist_bray|dist_kullbackleibler|correl_pearson
MAG-211	MAG-214	copresence	3.133626691464997e-11	3.7447737708711723e-10	dist_kullbackleibler|correl_pearson|dist_bray|correl_spearman
MAG-124	MAG-180	copresence	0	0	correl_pearson|correl_spearman|dist_kullbackleibler
MAG-211	MAG-213	copresence	3.2791205298865478e-6	2.8987982053452507e-5	dist_bray|dist_kullbackleibler
MAG-157	MAG-378	copresence	2.4587389436669937e-6	2.1953026282741017e-5	correl_spearman|correl_pearson|dist_bray
MAG-311	MAG-224	copresence	0	0	dist_kullbackleibler|dist_bray|correl_pearson
MAG-108	MAG-132	copresence	4.79443354476361e-5	0.00039427907440490215	dist_kullbackleibler|dist_bray
MAG-208	MAG-143	copresence	8.881784197001252e-15	1.2644909164295632e-13	correl_pearson|dist_kullbackleibler|correl_spearman|dist_bray
MAG-157	MAG-70	copresence	9.99702189696805e-7	9.161493673907671e-6	correl_pearson|correl_spearman
MAG-112	MAG-326	copresence	0	0	dist_bray|correl_spearman|correl_pearson|dist_kullbackleibler
MAG-202	MAG-69	copresence	7.84695460831486e-8	7.651086786578452e-7	dist_kullbackleibler|correl_pearson|dist_bray
MAG-180	MAG-81	copresence	0	0	dist_bray|dist_kullbackleibler|correl_spearman|correl_pearson
MAG-56	MAG-239	copresence	3.9772252158343235e-10	4.376348168831782e-9	dist_bray|dist_kullbackleibler|correl_pearson
MAG-179	MAG-13	copresence	0.006702442561357436	0.043956207773855165	correl_spearman|correl_pearson
MAG-136	MAG-109	copresence	0	0	correl_pearson|dist_kullbackleibler|dist_bray|correl_spearman
MAG-179	MAG-12	copresence	0	0	correl_spearman|correl_pearson|dist_bray|dist_kullbackleibler
MAG-136	MAG-107	copresence	0	0	dist_bray|dist_kullbackleibler|correl_spearman|correl_pearson
MAG-56	MAG-235	copresence	4.138889231342091e-11	4.889992003003415e-10	dist_kullbackleibler
MAG-136	MAG-106	copresence	3.1982194670376884e-12	3.9739307493013026e-11	correl_spearman|correl_pearson|dist_bray|dist_kullbackleibler
MAG-1	MAG-166	copresence	0	0	dist_kullbackleibler|correl_pearson
MAG-233	MAG-239	copresence	0	0	correl_pearson|correl_spearman|dist_bray|dist_kullbackleibler
MAG-211	MAG-207	copresence	0.007532268773415618	0.048959291978708	correl_spearman|correl_pearson
MAG-233	MAG-235	copresence	0	0	correl_spearman|dist_kullbackleibler|dist_bray|correl_pearson
MAG-170	MAG-172	copresence	0	0	dist_kullbackleibler|correl_pearson|dist_bray|correl_spearman
MAG-59	MAG-7	copresence	0	0	correl_spearman|correl_pearson|dist_bray|dist_kullbackleibler
MAG-197	MAG-199	copresence	0	0	correl_spearman|correl_pearson|dist_kullbackleibler|dist_bray
MAG-202	MAG-151	copresence	9.485745522397337e-13	1.2123907876274715e-11	dist_kullbackleibler|correl_spearman|dist_bray
MAG-327	MAG-221	copresence	1.872946242542639e-13	2.5066197036170224e-12	correl_spearman|dist_bray|dist_kullbackleibler|correl_pearson
MAG-53	MAG-28	copresence	0	0	dist_kullbackleibler|correl_spearman
MAG-181	MAG-183	copresence	2.220446049250313e-16	3.3200449300991524e-15	correl_pearson|correl_spearman|dist_kullbackleibler
MAG-145	MAG-31	copresence	0	0	dist_kullbackleibler|dist_bray|correl_pearson
MAG-181	MAG-182	copresence	1.6967205085371972e-8	1.6979427641672373e-7	dist_bray|correl_spearman|dist_kullbackleibler
MAG-145	MAG-30	copresence	0	0	dist_kullbackleibler
MAG-147	MAG-188	copresence	3.3733381417921926e-4	0.0025617695487486275	correl_pearson|dist_kullbackleibler|dist_bray
MAG-136	MAG-7	copresence	9.531138124296845e-7	8.760237246596366e-6	correl_spearman|dist_bray|correl_pearson
MAG-180	MAG-70	copresence	0	0	dist_kullbackleibler|correl_pearson|correl_spearman
MAG-249	MAG-239	copresence	3.2653879600275104e-12	4.049340228208718e-11	dist_bray|dist_kullbackleibler|correl_pearson
MAG-147	MAG-182	mutualExclusion	7.838303502475386e-4	0.005749929212496615	correl_spearman|correl_pearson
MAG-53	MAG-199	copresence	0	0	correl_pearson|dist_kullbackleibler|correl_spearman|dist_bray
MAG-147	MAG-181	mutualExclusion	7.05343031093264e-5	5.717761276696369e-4	correl_pearson|correl_spearman
MAG-3	MAG-81	copresence	0	0	correl_spearman|dist_bray|dist_kullbackleibler|correl_pearson
MAG-147	MAG-180	copresence	0.0020176564044854794	0.014248985907383329	correl_spearman|correl_pearson
MAG-102	MAG-138	copresence	4.381439547906929e-5	3.62222184846803e-4	correl_spearman|dist_bray|correl_pearson
MAG-53	MAG-197	copresence	0	0	correl_pearson|dist_bray|dist_kullbackleibler|correl_spearman
MAG-219	MAG-143	copresence	9.50270973021361e-11	1.1018912024830254e-9	dist_bray|dist_kullbackleibler
MAG-1	MAG-154	copresence	0	0	dist_kullbackleibler|correl_spearman|correl_pearson
MAG-53	MAG-196	copresence	0	0	dist_kullbackleibler|correl_spearman|dist_bray|correl_pearson
MAG-212	MAG-392	copresence	0	0	dist_bray|correl_pearson|dist_kullbackleibler
MAG-160	MAG-272	copresence	0.002078102395369097	0.014626283751190152	dist_bray|dist_kullbackleibler
MAG-12	MAG-50	copresence	9.184839181120008e-5	7.359646779743596e-4	correl_spearman|correl_pearson
MAG-108	MAG-111	copresence	0	0	dist_bray|correl_spearman|dist_kullbackleibler|correl_pearson
MAG-141	MAG-198	copresence	6.439293542825908e-15	9.230638679509616e-14	dist_bray|correl_pearson|correl_spearman|dist_kullbackleibler
MAG-217	MAG-384	copresence	2.363428950780122e-4	0.0018146721059429684	dist_bray|correl_pearson|dist_kullbackleibler
MAG-213	MAG-154	copresence	4.929390229335695e-14	6.786054831133942e-13	dist_kullbackleibler|correl_spearman|dist_bray|correl_pearson
MAG-357	MAG-370	copresence	0	0	correl_pearson|dist_bray|dist_kullbackleibler
MAG-35	MAG-385	copresence	1.363202886376369e-4	0.0010757278563815025	dist_kullbackleibler|dist_bray|correl_pearson
MAG-124	MAG-157	copresence	0	0	correl_spearman|correl_pearson|dist_bray|dist_kullbackleibler
MAG-340	MAG-374	copresence	0	0	dist_bray|dist_kullbackleibler|correl_pearson
MAG-124	MAG-154	copresence	0	0	correl_pearson|correl_spearman|dist_bray|dist_kullbackleibler
MAG-108	MAG-109	copresence	3.39111849712026e-10	3.764563162877731e-9	dist_kullbackleibler
MAG-31	MAG-152	copresence	7.3123174182399e-11	8.494792539776835e-10	dist_kullbackleibler|correl_pearson|dist_bray
MAG-158	MAG-188	copresence	8.563116960333961e-4	0.0062522758180008475	dist_bray|dist_kullbackleibler
MAG-215	MAG-262	copresence	0.002352414858823426	0.0164274780644094	dist_bray|dist_kullbackleibler
MAG-31	MAG-151	copresence	0	0	correl_spearman|correl_pearson|dist_kullbackleibler|dist_bray
MAG-349	MAG-230	copresence	0	0	dist_kullbackleibler|correl_pearson|dist_bray
MAG-157	MAG-43	copresence	2.24810269887743e-4	0.001730374614283736	dist_kullbackleibler
MAG-235	MAG-327	copresence	0	0	dist_kullbackleibler|correl_pearson|correl_spearman|dist_bray
MAG-145	MAG-13	copresence	0	0	dist_kullbackleibler|correl_pearson|correl_spearman
MAG-357	MAG-369	copresence	0	0	correl_pearson|dist_kullbackleibler|dist_bray
MAG-145	MAG-12	copresence	0	0	correl_spearman|dist_bray|dist_kullbackleibler|correl_pearson
MAG-227	MAG-1	copresence	2.4780177909633494e-13	3.2952364241533903e-12	correl_pearson|dist_bray|dist_kullbackleibler
MAG-326	MAG-287	copresence	9.403589018575076e-14	1.277661551436831e-12	dist_kullbackleibler|correl_spearman
MAG-213	MAG-143	copresence	2.220446049250313e-16	3.3200449300991524e-15	correl_pearson|correl_spearman|dist_kullbackleibler|dist_bray
MAG-149	MAG-206	copresence	9.558470660764318e-5	7.639442663654346e-4	dist_kullbackleibler
MAG-115	MAG-249	copresence	5.349050022918078e-7	4.982349127159164e-6	dist_kullbackleibler
MAG-202	MAG-31	copresence	4.592992652874273e-13	6.0307151429546644e-12	correl_spearman|dist_kullbackleibler
MAG-280	MAG-330	mutualExclusion	3.868261853967603e-4	0.002905845743665567	dist_kullbackleibler
MAG-152	MAG-198	copresence	1.1102230246251565e-16	1.6760613294461905e-15	dist_kullbackleibler|correl_spearman|dist_bray|correl_pearson
MAG-147	MAG-160	copresence	3.5233663672518123e-4	0.002665985447375766	dist_kullbackleibler|dist_bray
MAG-124	MAG-147	copresence	5.551115123125783e-16	8.182657905550977e-15	correl_pearson|correl_spearman|dist_kullbackleibler
MAG-31	MAG-149	copresence	1.1671821198433463e-7	1.130990426204793e-6	correl_pearson|dist_kullbackleibler|dist_bray
MAG-56	MAG-203	copresence	0	0	dist_bray|dist_kullbackleibler|correl_pearson|correl_spearman
MAG-56	MAG-202	copresence	0	0	dist_kullbackleibler
MAG-212	MAG-378	copresence	0	0	correl_pearson|dist_bray|dist_kullbackleibler
MAG-124	MAG-143	copresence	0	0	correl_spearman|correl_pearson|dist_kullbackleibler|dist_bray
MAG-228	MAG-381	copresence	2.5925622759714884e-7	2.4625401557479943e-6	dist_kullbackleibler
MAG-347	MAG-184	copresence	0	0	correl_spearman|dist_kullbackleibler|dist_bray|correl_pearson
MAG-233	MAG-203	copresence	0	0	dist_bray|dist_kullbackleibler
MAG-139	MAG-383	copresence	0	0	dist_kullbackleibler
MAG-157	MAG-3	copresence	6.088463067044358e-13	7.894791321374946e-12	dist_kullbackleibler|correl_spearman
MAG-180	MAG-318	copresence	0	0	dist_bray|correl_pearson|dist_kullbackleibler
MAG-288	MAG-275	copresence	0.004554264895675897	0.03060661892255307	correl_pearson|dist_kullbackleibler|dist_bray
MAG-181	MAG-154	mutualExclusion	9.467115622949773e-4	0.006872180330248093	correl_pearson|correl_spearman
MAG-157	MAG-1	copresence	8.277404205270233e-5	6.65814366575791e-4	correl_spearman|correl_pearson
MAG-379	MAG-384	copresence	0.0046838007729123055	0.0314096081874484	dist_kullbackleibler|dist_bray
MAG-147	MAG-158	copresence	8.137357054849303e-8	7.921881868038652e-7	correl_spearman|dist_kullbackleibler
MAG-272	MAG-262	copresence	4.928944444251293e-4	0.0036761220497100932	dist_kullbackleibler|dist_bray
MAG-147	MAG-154	copresence	2.2881696537524476e-13	3.0492665961519825e-12	dist_kullbackleibler|dist_bray|correl_spearman
MAG-115	MAG-239	copresence	1.1047965752242206e-6	1.0080260722848728e-5	correl_spearman|dist_kullbackleibler
MAG-22	MAG-239	copresence	4.146616827682692e-9	4.297903013767301e-8	correl_spearman|dist_kullbackleibler
MAG-124	MAG-139	copresence	0	0	correl_spearman|dist_kullbackleibler
MAG-124	MAG-138	copresence	0	0	dist_kullbackleibler|correl_pearson|correl_spearman|dist_bray
MAG-138	MAG-81	copresence	8.496309602457064e-5	6.825441518683374e-4	dist_bray|correl_pearson|correl_spearman
MAG-59	MAG-149	copresence	0.002727122450679964	0.018812930813189598	correl_spearman|correl_pearson
MAG-124	MAG-130	copresence	7.72126269887874e-6	6.702484981665573e-5	correl_pearson|correl_spearman
MAG-31	MAG-132	copresence	3.7055799650964616e-7	3.4774586759538864e-6	correl_pearson|dist_kullbackleibler|dist_bray
MAG-109	MAG-284	copresence	0	0	dist_kullbackleibler|dist_bray|correl_pearson|correl_spearman
MAG-202	MAG-111	copresence	0	0	dist_kullbackleibler|correl_spearman|correl_pearson|dist_bray
MAG-392	MAG-185	mutualExclusion	0.0014565799598664775	0.010439936638951243	dist_kullbackleibler|correl_pearson|dist_bray
MAG-321	MAG-272	copresence	0	0	dist_kullbackleibler|dist_bray
MAG-158	MAG-160	copresence	1.1427119079754355e-5	9.796912791284599e-5	correl_pearson|dist_kullbackleibler
MAG-181	MAG-143	mutualExclusion	2.2655811101568446e-4	0.0017416828952620269	correl_pearson|correl_spearman
MAG-344	MAG-218	mutualExclusion	0.0030509823563554805	0.020862844340505202	correl_spearman|correl_pearson
MAG-214	MAG-43	copresence	0.0018067037353018955	0.012836524858876501	dist_kullbackleibler
MAG-344	MAG-215	mutualExclusion	8.536500615596854e-4	0.006240132028945068	correl_pearson|correl_spearman
MAG-149	MAG-7	copresence	0.0038377060181418177	0.02595850932184671	correl_spearman|correl_pearson
MAG-147	MAG-143	copresence	0	0	dist_kullbackleibler|correl_spearman|dist_bray|correl_pearson
MAG-3	MAG-43	copresence	1.6979427641672373e-8	1.6979427641672373e-7	dist_kullbackleibler|dist_bray|correl_pearson
MAG-138	MAG-70	copresence	1.765024652410352e-4	0.0013772040046897253	correl_spearman|correl_pearson
MAG-332	MAG-280	copresence	0	0	correl_spearman|correl_pearson|dist_kullbackleibler|dist_bray
MAG-112	MAG-197	copresence	4.3035281695902317e-4	0.003217350605255855	dist_kullbackleibler
MAG-327	MAG-52	copresence	0	0	correl_spearman|dist_kullbackleibler|dist_bray|correl_pearson
MAG-112	MAG-196	copresence	1.2844465085315449e-5	1.095196545473691e-4	dist_kullbackleibler
MAG-52	MAG-96	copresence	0	0	correl_pearson|dist_kullbackleibler|dist_bray
MAG-403	MAG-96	copresence	0	0	correl_spearman|dist_kullbackleibler|correl_pearson|dist_bray
MAG-202	MAG-108	copresence	0	0	dist_kullbackleibler|dist_bray|correl_spearman
MAG-130	MAG-143	copresence	3.059962022021745e-4	0.0023408522200288745	correl_pearson|correl_spearman
MAG-109	MAG-275	copresence	1.090501278167011e-8	1.099295643313519e-7	dist_kullbackleibler|correl_pearson|dist_bray
MAG-3	MAG-228	copresence	1.8736179274725373e-10	2.1099300985051097e-9	correl_pearson|dist_kullbackleibler|dist_bray
MAG-96	MAG-50	copresence	0.005748959035033474	0.03799484244737428	dist_bray|correl_pearson
MAG-218	MAG-188	copresence	1.862692440723901e-5	1.5626614435603197e-4	dist_bray|correl_pearson|dist_kullbackleibler
MAG-233	MAG-56	copresence	0	0	dist_kullbackleibler|dist_bray|correl_pearson
MAG-218	MAG-181	mutualExclusion	0.0023888898299953	0.01662646039807419	correl_spearman|correl_pearson
MAG-141	MAG-152	copresence	0	0	dist_bray|dist_kullbackleibler|correl_spearman|correl_pearson
MAG-233	MAG-53	copresence	2.1094237467877974e-15	3.058909145573952e-14	dist_bray|correl_pearson|dist_kullbackleibler
MAG-233	MAG-52	copresence	0	0	correl_pearson|dist_kullbackleibler|dist_bray
MAG-147	MAG-138	copresence	0.0028240309073797043	0.019459970420201932	correl_spearman
MAG-107	MAG-152	copresence	1.4496908118388774e-9	1.5435379172049376e-8	correl_spearman|dist_bray|dist_kullbackleibler
MAG-107	MAG-151	copresence	6.961098364399732e-14	9.499315453602255e-13	dist_kullbackleibler|dist_bray|correl_spearman
MAG-147	MAG-130	copresence	0.005125386027510559	0.03400601132902441	correl_spearman
MAG-136	MAG-403	copresence	4.651563145219306e-6	4.0831839406770596e-5	correl_spearman|correl_pearson
MAG-66	MAG-272	copresence	3.8187075723783437e-10	4.209333743803289e-9	dist_kullbackleibler
